k,N,X,g,count,sum,sumsq
0,200000,2750159,2,19462,24590746236,43905976031776182
0,200000,2750159,4,19337,24443202479,43768339924005473
0,200000,2750159,6,32361,41182098383,73780513333932681
0,200000,2750159,8,13595,17460423271,31361608347143267
0,200000,2750159,10,17162,22070440064,39602382391427666
0,200000,2750159,12,20236,26617752344,48059817756845068
0,200000,2750159,14,10655,14016550201,25379261764629287
0,200000,2750159,16,7478,9961337264,18061433426679158
0,200000,2750159,18,12944,17414944814,31642092927556160
0,200000,2750159,20,6322,8595780548,15728886834744370
0,200000,2750159,22,5674,7633547272,13874758946372770
0,200000,2750159,24,7554,10472198434,19121418391423698
0,200000,2750159,26,3324,4625171874,8449541958443172
0,200000,2750159,28,3521,4906557593,8974976587748393
0,200000,2750159,30,5613,7986250859,14769086729714013
0,200000,2750159,32,1639,2370602279,4425301568182351
0,200000,2750159,34,1748,2548251524,4774444776421580
0,200000,2750159,36,2547,3818054707,7235729963859339
0,200000,2750159,38,1074,1580181444,2978320093548090
0,200000,2750159,40,1329,1956164457,3691181762642817
0,200000,2750159,42,1616,2428857194,4563242352147320
0,200000,2750159,44,632,944347606,1761424337588528
0,200000,2750159,46,507,743927025,1378747804612467
0,200000,2750159,48,750,1173255266,2239244823476670
0,200000,2750159,50,410,646924498,1252497721890554
0,200000,2750159,52,285,438568983,834027177786645
0,200000,2750159,54,514,790182200,1508817678912082
0,200000,2750159,56,220,339793700,627972317941252
0,200000,2750159,58,239,379741877,725383727877791
0,200000,2750159,60,323,488930651,932511118787339
0,200000,2750159,62,93,153417021,297768171905445
0,200000,2750159,64,111,180301593,345530120713599
0,200000,2750159,66,169,262686201,498239020404289
0,200000,2750159,68,55,89605361,176562411535327
0,200000,2750159,70,96,152684538,299844896503488
0,200000,2750159,72,74,120357512,227878331154914
0,200000,2750159,74,35,54747301,105817350619379
0,200000,2750159,76,35,61542971,127784247864227
0,200000,2750159,78,73,118132967,218519400144313
0,200000,2750159,80,30,44614362,75948609129030
0,200000,2750159,82,23,36421973,68798839575791
0,200000,2750159,84,40,71801748,145833818565664
0,200000,2750159,86,11,16782115,34381553678531
0,200000,2750159,88,7,11385181,21573105605743
0,200000,2750159,90,21,37153423,76302043449189
0,200000,2750159,92,5,7086241,10793658764405
0,200000,2750159,94,6,11863278,24855554278398
0,200000,2750159,96,9,14678891,28740848261265
0,200000,2750159,98,4,6401828,12672796722148
0,200000,2750159,100,6,8198226,13546455059910
0,200000,2750159,102,5,9528283,18681508227173
0,200000,2750159,104,4,7911476,16570281160276
0,200000,2750159,106,2,3226010,5732287157978
0,200000,2750159,108,2,4553262,10368956310050
0,200000,2750159,110,2,4066258,8905342625090
0,200000,2750159,112,2,3008060,7095076772522
0,200000,2750159,114,1,492113,242175204769
0,200000,2750159,118,1,1349533,1821239318089
0,200000,2750159,120,1,1895359,3592385738881
0,200000,2750159,126,2,3561612,6366312920522
0,200000,2750159,132,2,2919120,4281585516962
0,200000,2750159,148,1,2010733,4043047197289
1,300411,4262509,2,28393,55877134887,155194357127603769
1,300411,4262509,4,28159,55350614185,153738460571784343
1,300411,4262509,6,47424,93865061150,260906294796216912
1,300411,4262509,8,19890,39474914292,109567522489366098
1,300411,4262509,10,25354,50725395418,141383527150690690
1,300411,4262509,12,30141,61273050497,171222017732768277
1,300411,4262509,14,16033,32823558485,92164121350759033
1,300411,4262509,16,11303,23340741821,65588469020741591
1,300411,4262509,18,19597,40665798411,114161221090376917
1,300411,4262509,20,9667,20351993969,57668592295833619
1,300411,4262509,22,8620,17988757066,50842646364648100
1,300411,4262509,24,11731,25147885603,71494374114432691
1,300411,4262509,26,5213,11235790729,31952274579877901
1,300411,4262509,28,5556,12034293912,34334259883890036
1,300411,4262509,30,8908,19555737288,56024813351035180
1,300411,4262509,32,2594,5723918668,16389800289285242
1,300411,4262509,34,2763,6125046909,17568493942929915
1,300411,4262509,36,4001,8937176625,25531418642499281
1,300411,4262509,38,1717,3851754149,11128261141754197
1,300411,4262509,40,2146,4813093288,13840106837319898
1,300411,4262509,42,2731,6336721227,18469211158580899
1,300411,4262509,44,1051,2422101245,7055503013520811
1,300411,4262509,46,823,1856246065,5356368952711327
1,300411,4262509,48,1377,3370917981,10059995734235985
1,300411,4262509,50,732,1774253472,5258660231513172
1,300411,4262509,52,482,1133793434,3324386340528794
1,300411,4262509,54,861,2009073927,5852883504229533
1,300411,4262509,56,403,992853737,2996574820274947
1,300411,4262509,58,386,904445618,2621958711171914
1,300411,4262509,60,618,1511969004,4532980758073074
1,300411,4262509,62,175,443276465,1338000678042223
1,300411,4262509,64,221,570629657,1749426940758221
1,300411,4262509,66,317,790798215,2409456233918933
1,300411,4262509,68,107,270851683,816556147534955
1,300411,4262509,70,181,445073179,1321340547089725
1,300411,4262509,72,138,343661782,1017925757669082
1,300411,4262509,74,63,150869361,440474751202143
1,300411,4262509,76,60,145950918,417659544809700
1,300411,4262509,78,131,326720811,980382241130171
1,300411,4262509,80,53,125947525,367362044174549
1,300411,4262509,82,34,75685744,210877486771306
1,300411,4262509,84,75,195353865,588697384954851
1,300411,4262509,86,19,42116069,115425420445075
1,300411,4262509,88,21,61173015,199956515887197
1,300411,4262509,90,41,108743591,336365271806777
1,300411,4262509,92,11,27895519,83331243034475
1,300411,4262509,94,10,24509458,65510811089650
1,300411,4262509,96,16,40022744,121610289038824
1,300411,4262509,98,6,14360358,44351793159270
1,300411,4262509,100,10,21880204,61200967086490
1,300411,4262509,102,7,16964701,46544044469383
1,300411,4262509,104,6,14926398,41189177061126
1,300411,4262509,106,5,14088983,45976621215605
1,300411,4262509,108,6,18010958,55725163081830
1,300411,4262509,110,5,13825825,40730974515269
1,300411,4262509,112,3,6591477,19935954168411
1,300411,4262509,114,3,8857759,35239540379019
1,300411,4262509,118,1,1349533,1821239318089
1,300411,4262509,120,2,4793598,11992175040002
1,300411,4262509,122,1,3117299,9717553055401
1,300411,4262509,126,2,3561612,6366312920522
1,300411,4262509,128,1,3851459,14833736428681
1,300411,4262509,132,3,6852719,19754786609763
1,300411,4262509,138,1,3826019,14638421388361
1,300411,4262509,148,1,2010733,4043047197289
2,451234,6601211,2,41155,125128221801,536758834154735283
2,451234,6601211,4,40993,124875057925,536208464349728761
2,451234,6601211,6,69562,213903243984,921858976327387594
2,451234,6601211,8,29279,90355680289,389569122114371591
2,451234,6601211,10,37464,116319311442,502201240079374128
2,451234,6601211,12,44985,141808302913,614943854673532017
2,451234,6601211,14,24054,76384642422,332398088829600990
2,451234,6601211,16,17003,54269954267,236024664476689331
2,451234,6601211,18,29662,95272949248,415021357121268478
2,451234,6601211,20,14701,47563925261,207086384518575349
2,451234,6601211,22,13072,42192423496,184426004166502120
2,451234,6601211,24,18068,59623840020,261984743224057124
2,451234,6601211,26,8174,27333381652,120835361800386470
2,451234,6601211,28,8692,29084652868,128487960918369748
2,451234,6601211,30,14100,47766307076,211693929423291300
2,451234,6601211,32,4139,14082278989,62315736794235515
2,451234,6601211,34,4375,14929615753,66392159225266399
2,451234,6601211,36,6500,22526685914,100549467123190052
2,451234,6601211,38,2816,9810857254,43944427571097080
2,451234,6601211,40,3391,11546515999,50817937861203079
2,451234,6601211,42,4530,16138837608,72686055238775970
2,451234,6601211,44,1755,6277230117,28473514314604155
2,451234,6601211,46,1418,5086371320,23165927229407186
2,451234,6601211,48,2296,8413532150,38135576969797648
2,451234,6601211,50,1242,4543494078,20524130818148154
2,451234,6601211,52,833,3062936003,14088791794591841
2,451234,6601211,54,1463,5278340305,23892819653633087
2,451234,6601211,56,663,2416643595,10920523672702551
2,451234,6601211,58,631,2228487163,9885584992319959
2,451234,6601211,60,1103,4152059121,19113061861791383
2,451234,6601211,62,322,1234036322,5661452267993002
2,451234,6601211,64,349,1269837871,5630007746106205
2,451234,6601211,66,579,2220516817,10327986246672315
2,451234,6601211,68,212,845461264,4008205176927620
2,451234,6601211,70,309,1151572041,5279766781662789
2,451234,6601211,72,247,928381221,4199899942669615
2,451234,6601211,74,112,422072816,1964949431748808
2,451234,6601211,76,121,482415919,2302089553426609
2,451234,6601211,78,228,845279196,3789158932558716
2,451234,6601211,80,96,360403122,1665099091058640
2,451234,6601211,82,58,208902292,960542613975106
2,451234,6601211,84,139,541165777,2478039141429499
2,451234,6601211,86,32,113876890,515427347960000
2,451234,6601211,88,40,167023258,797909368291624
2,451234,6601211,90,76,298564058,1381200095527276
2,451234,6601211,92,17,62252353,281814145511777
2,451234,6601211,94,18,67178172,298073481149706
2,451234,6601211,96,35,142346267,680154867149555
2,451234,6601211,98,18,80491878,416456635901130
2,451234,6601211,100,21,80820801,382007586086133
2,451234,6601211,102,16,61893390,273883783437376
2,451234,6601211,104,9,29078547,108216758725305
2,451234,6601211,106,6,18386076,64441629466254
2,451234,6601211,108,12,52194670,251198671938444
2,451234,6601211,110,8,31142452,141758049227528
2,451234,6601211,112,4,12107758,50365310239372
2,451234,6601211,114,5,21256277,112170624776381
2,451234,6601211,116,1,5845193,34166281207249
2,451234,6601211,118,4,18495754,101569454571340
2,451234,6601211,120,3,10879039,49024767204483
2,451234,6601211,122,1,3117299,9717553055401
2,451234,6601211,126,5,20211241,99790358962853
2,451234,6601211,128,1,3851459,14833736428681
2,451234,6601211,130,1,5518687,30455906203969
2,451234,6601211,132,4,12741460,54432057174844
2,451234,6601211,136,1,6371401,40594750702801
2,451234,6601211,138,1,3826019,14638421388361
2,451234,6601211,146,1,6034247,36412136857009
2,451234,6601211,148,1,2010733,4043047197289
2,451234,6601211,154,1,4652353,21644388436609
3,677778,10213061,2,60088,284036285574,1890970234402366056
3,677778,10213061,4,59684,281792708342,1873981613338843124
3,677778,10213061,6,101778,484002830898,3221411467386119490
3,677778,10213061,8,43205,207219440995,1385505990707647877
3,677778,10213061,10,55475,267472944431,1790330122241339939
3,677778,10213061,12,66746,324253843924,2168156524403461274
3,677778,10213061,14,36071,177300385477,1192865965980181943
3,677778,10213061,16,25601,126418531535,850811215847763665
3,677778,10213061,18,44794,222480306116,1500861926085372346
3,677778,10213061,20,22542,113425568364,768873763027429782
3,677778,10213061,22,19858,99163590244,670154800477327714
3,677778,10213061,24,27737,141003103143,957273969211111145
3,677778,10213061,26,12501,63753949395,432146483962683381
3,677778,10213061,28,13532,69738126086,475166536390646324
3,677778,10213061,30,22239,116281746169,797402853510861519
3,677778,10213061,32,6501,33894994977,231160591946847813
3,677778,10213061,34,6885,36108353595,247797004407423333
3,677778,10213061,36,10434,55553600884,382082841496545234
3,677778,10213061,38,4576,24599759000,170111256348030016
3,677778,10213061,40,5438,28797315074,198415499589454766
3,677778,10213061,42,7353,39937467297,276313987093411833
3,677778,10213061,44,2840,15426606364,106757347620110408
3,677778,10213061,46,2378,13202948480,92809308559491530
3,677778,10213061,48,3886,21769649304,152132624304087454
3,677778,10213061,50,2097,11724213435,81754125459168921
3,677778,10213061,52,1485,8547482331,60923096819260893
3,677778,10213061,54,2467,13702803241,95662741396831891
3,677778,10213061,56,1101,6127462995,42838086374732685
3,677778,10213061,58,1084,6035993086,42389306263945012
3,677778,10213061,60,1891,10879969677,77390685138252499
3,677778,10213061,62,552,3173865162,22268520603375672
3,677778,10213061,64,568,3103375990,21204680113026952
3,677778,10213061,66,999,5754588845,40516751417076807
3,677778,10213061,68,363,2121725409,14956555299091707
3,677778,10213061,70,541,3091350871,21753713530490077
3,677778,10213061,72,479,2897461515,21163609918535783
3,677778,10213061,74,226,1389241682,10293669343492282
3,677778,10213061,76,195,1103116701,7580473397158419
3,677778,10213061,78,368,2029012036,13955950294103336
3,677778,10213061,80,173,1018055191,7380152695185317
3,677778,10213061,82,105,616344543,4544299864429257
3,677778,10213061,84,250,1466232526,10300876252053874
3,677778,10213061,86,68,427903624,3293287531015556
3,677778,10213061,88,74,456555224,3304076536581914
3,677778,10213061,90,149,925000519,6840038908822853
3,677778,10213061,92,38,233337820,1695474132882182
3,677778,10213061,94,40,250521706,1846548167619184
3,677778,10213061,96,65,392927635,2800937174370521
3,677778,10213061,98,29,170812279,1165103759937317
3,677778,10213061,100,38,230460944,1716359373091718
3,677778,10213061,102,36,236729812,1822704036216444
3,677778,10213061,104,21,128731125,947828748535605
3,677778,10213061,106,12,64044888,415772581906332
3,677778,10213061,108,26,169905966,1256286706019018
3,677778,10213061,110,12,66822762,466604487884772
3,677778,10213061,112,11,68954813,518795078232947
3,677778,10213061,114,12,79993026,612083490182820
3,677778,10213061,116,7,55238591,448548437817511
3,677778,10213061,118,4,18495754,101569454571340
3,677778,10213061,120,11,77974679,618253136775395
3,677778,10213061,122,3,18636129,132760237289163
3,677778,10213061,124,5,43111331,383164024438109
3,677778,10213061,126,9,52658293,370035032811681
3,677778,10213061,128,2,13662112,111082648715090
3,677778,10213061,130,1,5518687,30455906203969
3,677778,10213061,132,5,20742819,118453803021725
3,677778,10213061,134,1,6958667,48423046416889
3,677778,10213061,136,2,15658064,126836860378370
3,677778,10213061,138,3,21725301,177741409971051
3,677778,10213061,140,2,16538782,137605805200610
3,677778,10213061,146,1,6034247,36412136857009
3,677778,10213061,148,2,9241064,56320733566850
3,677778,10213061,152,1,8421251,70917468405001
3,677778,10213061,154,1,4652353,21644388436609
4,1000000,15485863,2,86027,616905504491,6222940713779191219
4,1000000,15485863,4,85833,617224323597,6237539976407135529
4,1000000,15485863,6,146518,1058152484412,10692822626912887678
4,1000000,15485863,8,62750,457867665190,4645276213207059158
4,1000000,15485863,10,80399,586964899733,5943383872663377167
4,1000000,15485863,12,97826,722756634008,7349737419144417050
4,1000000,15485863,14,52826,392241670954,3988761873167755538
4,1000000,15485863,16,37688,281444177402,2867249270279400896
4,1000000,15485863,18,66465,500921636375,5128663923584291265
4,1000000,15485863,20,33777,257417753613,2640514614252012249
4,1000000,15485863,22,29583,223980567381,2294886306973685679
4,1000000,15485863,24,41731,320640222477,3295420714662033235
4,1000000,15485863,26,18928,146419688348,1510523623987189480
4,1000000,15485863,28,20591,160491187013,1658252131161400775
4,1000000,15485863,30,33960,266791240822,2757405564079078032
4,1000000,15485863,32,10100,80261576668,836826965655725588
4,1000000,15485863,34,10536,83177041266,863082737774780520
4,1000000,15485863,36,16301,130884600355,1362865587731843669
4,1000000,15485863,38,7196,58219106464,607508872269821732
4,1000000,15485863,40,8600,69463904504,728913523895460608
4,1000000,15485863,42,11657,95341318065,999465120570081521
4,1000000,15485863,44,4492,36737862536,385547901533579020
4,1000000,15485863,46,3822,31861242048,337145551626061710
4,1000000,15485863,48,6305,52938870159,559291060087552265
4,1000000,15485863,50,3449,29266391755,312484806186560681
4,1000000,15485863,52,2412,20449305390,215853290650748076
4,1000000,15485863,54,4054,34165817660,363155231003583958
4,1000000,15485863,56,1862,15820823404,167968586307327902
4,1000000,15485863,58,1753,14673258715,155437211979918145
4,1000000,15485863,60,3194,27640051868,295916997436117034
4,1000000,15485863,62,910,7729490642,81070974787479406
4,1000000,15485863,64,980,8459662358,91765066867776284
4,1000000,15485863,66,1664,14342734284,152985538013906120
4,1000000,15485863,68,625,5529100985,59873337083952673
4,1000000,15485863,70,906,7834939602,84290108197717338
4,1000000,15485863,72,771,6692965477,71163773453481627
4,1000000,15485863,74,392,3516569380,37940904905076632
4,1000000,15485863,76,319,2673395755,27738640457914087
4,1000000,15485863,78,612,5177961530,55150759647814452
4,1000000,15485863,80,279,2407507143,25848710611170567
4,1000000,15485863,82,197,1811143541,20239496848440293
4,1000000,15485863,84,429,3731893425,39413929568933445
4,1000000,15485863,86,122,1123852354,12389424359419322
4,1000000,15485863,88,118,1047586294,11352290586239998
4,1000000,15485863,90,276,2577200812,28674777296058828
4,1000000,15485863,92,76,728152502,8201432796689956
4,1000000,15485863,94,73,671362867,7284607662603889
4,1000000,15485863,96,119,1096604979,12084202129082543
4,1000000,15485863,98,52,486836450,5551595694035572
4,1000000,15485863,100,73,680760475,7574571693785425
4,1000000,15485863,102,63,582017479,6295221428573439
4,1000000,15485863,104,35,315216313,3469874318871971
4,1000000,15485863,106,27,250377183,2754816383147427
4,1000000,15485863,108,51,478694183,5114333422356699
4,1000000,15485863,110,26,243054022,2717028261022826
4,1000000,15485863,112,18,156456936,1632178362957930
4,1000000,15485863,114,34,366048186,4377049076101402
4,1000000,15485863,116,14,145889110,1638834524754878
4,1000000,15485863,118,8,68085938,726915847018352
4,1000000,15485863,120,21,208166519,2334962989475109
4,1000000,15485863,122,6,57505590,649372779442470
4,1000000,15485863,124,7,73083571,832331635193887
4,1000000,15485863,126,17,158444663,1785509374378649
4,1000000,15485863,128,4,38305688,416837289275428
4,1000000,15485863,130,2,16707446,155644234164050
4,1000000,15485863,132,10,86103326,980886141412882
4,1000000,15485863,134,3,35100357,448140396605907
4,1000000,15485863,136,4,39654628,415209901136140
4,1000000,15485863,138,6,61316130,704532823816614
4,1000000,15485863,140,4,41327444,453866419584532
4,1000000,15485863,142,2,24590732,309969574299962
4,1000000,15485863,144,1,11981443,143554976362249
4,1000000,15485863,146,1,6034247,36412136857009
4,1000000,15485863,148,2,9241064,56320733566850
4,1000000,15485863,150,1,13626257,185674879830049
4,1000000,15485863,152,1,8421251,70917468405001
4,1000000,15485863,154,3,30970263,376324811781627
5,1529183,24373961,2,127656,1444951215598,22969031403244234616
5,1529183,24373961,4,127333,1443248151169,22954310894108059981
5,1529183,24373961,6,218860,2496050646956,39748224523616122852
5,1529183,24373961,8,94129,1082494812851,17284980701019466561
5,1529183,24373961,10,120833,1391333196203,22211447564504954681
5,1529183,24373961,12,147910,1719971519400,27536058603374639398
5,1529183,24373961,14,79916,931166214430,14888121406447544780
5,1529183,24373961,16,57836,682992831980,11002121296912284356
5,1529183,24373961,18,102141,1210846579231,19489443885031588725
5,1529183,24373961,20,52419,628938505977,10168007365956707787
5,1529183,24373961,22,45619,543233332759,8756500307933764675
5,1529183,24373961,24,65059,784974025833,12691399351888162651
5,1529183,24373961,26,29793,363182755047,5906974977043407129
5,1529183,24373961,28,32206,392020263520,6350174927034757534
5,1529183,24373961,30,53982,665024946262,10810580333822409630
5,1529183,24373961,32,16101,199897960791,3261802043441836461
5,1529183,24373961,34,16766,207118111508,3370190466309046550
5,1529183,24373961,36,26393,332520433741,5457992657626597505
5,1529183,24373961,38,11761,149387827079,2458564115565559993
5,1529183,24373961,40,13900,175016963950,2865927888487232740
5,1529183,24373961,42,18986,241757949998,3971883313019094986
5,1529183,24373961,44,7516,97009959584,1606701124214149036
5,1529183,24373961,46,6330,81939726648,1353746169691180674
5,1529183,24373961,48,10496,136796891300,2265258797890982432
5,1529183,24373961,50,5640,72911152434,1196383912467891576
5,1529183,24373961,52,4197,56006824377,935718454358262813
5,1529183,24373961,54,6809,89236513079,1482324437232243305
5,1529183,24373961,56,3250,43704702698,737090098148796946
5,1529183,24373961,58,2914,37915789456,627794931164845450
5,1529183,24373961,60,5451,72686543285,1209752107148815035
5,1529183,24373961,62,1648,22436343266,379016140011855064
5,1529183,24373961,64,1711,23053568941,387660586741965055
5,1529183,24373961,66,2927,39641587157,667627039146158423
5,1529183,24373961,68,1085,14714141083,246115998598452605
5,1529183,24373961,70,1578,21291077784,358308549755397354
5,1529183,24373961,72,1403,19427962259,331818627652732595
5,1529183,24373961,74,734,10298847358,174726871980075542
5,1529183,24373961,76,578,7871796434,133727503539993122
5,1529183,24373961,78,1117,15353687355,263537434796414077
5,1529183,24373961,80,523,7229570381,122831014067558659
5,1529183,24373961,82,376,5392111114,93015142391260696
5,1529183,24373961,84,787,10897113289,184999427888484595
5,1529183,24373961,86,226,3225678902,55537626132168778
5,1529183,24373961,88,248,3699892112,66395215346504576
5,1529183,24373961,90,549,8050425461,140306208740243853
5,1529183,24373961,92,147,2155555101,37345465221955155
5,1529183,24373961,94,148,2188953094,38524775054125540
5,1529183,24373961,96,218,3081326066,52584586942045130
5,1529183,24373961,98,112,1693076018,30181490681481760
5,1529183,24373961,100,137,2002422833,35236830255434753
5,1529183,24373961,102,120,1709825578,28938712806307608
5,1529183,24373961,104,79,1197884321,21443943009586855
5,1529183,24373961,106,47,635373035,10290297155209583
5,1529183,24373961,108,105,1548665719,26631331463340249
5,1529183,24373961,110,56,830522968,14495836960446392
5,1529183,24373961,112,46,693506092,12123397864264534
5,1529183,24373961,114,61,912601367,15632610198697813
5,1529183,24373961,116,23,331641781,5555302456877639
5,1529183,24373961,118,16,224600686,3853677529424104
5,1529183,24373961,120,41,602279211,10233231935891705
5,1529183,24373961,122,12,185605026,3423773941842612
5,1529183,24373961,124,11,161206409,2780524107151355
5,1529183,24373961,126,30,414685224,6920502308682030
5,1529183,24373961,128,7,101403935,1773150576507967
5,1529183,24373961,130,5,84243731,1677725271935069
5,1529183,24373961,132,14,171370264,2805343002400454
5,1529183,24373961,134,6,84583530,1267692504270366
5,1529183,24373961,136,6,84678522,1430579617997190
5,1529183,24373961,138,10,146755524,2547783421622986
5,1529183,24373961,140,8,121541800,2110522098784304
5,1529183,24373961,142,3,46927881,808917799748163
5,1529183,24373961,144,5,92864455,1783926790324637
5,1529183,24373961,146,2,30154480,618197776831298
5,1529183,24373961,148,3,29159817,453077454641859
5,1529183,24373961,150,3,54068627,1016668814969667
5,1529183,24373961,152,2,26257660,389054954420282
5,1529183,24373961,154,3,30970263,376324811781627
5,1529183,24373961,156,1,17983717,323414077136089
5,1529183,24373961,164,1,20285099,411485241439801
5,1529183,24373961,180,1,17051707,290760711613849
5,1529183,24373961,210,1,20831323,433944017930329
6,2296917,37614323,2,186423,3264157686295,80146137893099351327
6,2296917,37614323,4,185900,3255131797484,79864558678911211628
6,2296917,37614323,6,321600,5672971452010,139487778565981094688
6,2296917,37614323,8,138534,2455163240436,60366495820198987686
6,2296917,37614323,10,178381,3171981119863,78147400419321448669
6,2296917,37614323,12,220080,3953850471098,97734869503044887568
6,2296917,37614323,14,119003,2141916219949,52963140118592884235
6,2296917,37614323,16,86646,1574870089866,39031660815523435638
6,2296917,37614323,18,153659,2806377639377,69656735882851010723
6,2296917,37614323,20,79521,1469265914295,36617081756611332657
6,2296917,37614323,22,69245,1276483205729,31858488869077598981
6,2296917,37614323,24,99821,1861132361397,46515273727182099533
6,2296917,37614323,26,45713,856233744613,21409818286323806489
6,2296917,37614323,28,49387,925266003019,23150597558970413611
6,2296917,37614323,30,83606,1582773130642,39674150392486581446
6,2296917,37614323,32,25225,482331341837,12135992482991888521
6,2296917,37614323,34,26209,499581982765,12566965405261495465
6,2296917,37614323,36,41378,797413878704,20100983783382272066
6,2296917,37614323,38,18656,363684467476,9217489210869503456
6,2296917,37614323,40,21881,422601507965,10663841577819595889
6,2296917,37614323,42,30498,598703946706,15210734590949857890
6,2296917,37614323,44,12104,239349193228,6090274839757012496
6,2296917,37614323,46,10250,203122911524,5157278781353721722
6,2296917,37614323,48,17220,345904592902,8866158233436795228
6,2296917,37614323,50,9275,186007488745,4767767823119565155
6,2296917,37614323,52,6778,136204695172,3466070345717712226
6,2296917,37614323,54,11083,222491072985,5698796043983230435
6,2296917,37614323,56,5475,112830991521,2917185926548956771
6,2296917,37614323,58,4821,97114875279,2493272561449591869
6,2296917,37614323,60,9157,187618643959,4827933296928966925
6,2296917,37614323,62,2721,55714331139,1427011134794396913
6,2296917,37614323,64,2854,58445909704,1499996334621049246
6,2296917,37614323,66,4912,101387901194,2617445442306649504
6,2296917,37614323,68,1880,39529000780,1032494585190438632
6,2296917,37614323,70,2686,55806326014,1448907771263304622
6,2296917,37614323,72,2431,51050004107,1319912942085757975
6,2296917,37614323,74,1286,27562139794,722336967254188358
6,2296917,37614323,76,1067,23101586885,615076993340897867
6,2296917,37614323,78,2019,43234892435,1138341592130383587
6,2296917,37614323,80,943,20262522893,533495755289135143
6,2296917,37614323,82,666,14370505752,374845162693340490
6,2296917,37614323,84,1332,27959846298,727133857786253028
6,2296917,37614323,86,413,9031439599,238483784027422373
6,2296917,37614323,88,446,9911073752,264119555810761238
6,2296917,37614323,90,932,19859330338,510164207263777676
6,2296917,37614323,92,289,6501004991,172409324533621993
6,2296917,37614323,94,267,5917089141,157378142201730267
6,2296917,37614323,96,386,8329914436,218944200085665050
6,2296917,37614323,98,198,4349054826,113519667182240934
6,2296917,37614323,100,251,5559219035,148010508871501355
6,2296917,37614323,102,237,5303139721,140957378842602669
6,2296917,37614323,104,142,3130310384,81501071525469166
6,2296917,37614323,106,92,2076764360,57185253272693276
6,2296917,37614323,108,182,3954882848,102875368833422054
6,2296917,37614323,110,112,2572428410,69723915688517560
6,2296917,37614323,112,85,1928584495,51775955493638173
6,2296917,37614323,114,110,2462506324,65315447039770070
6,2296917,37614323,116,41,894875611,23456050572182297
6,2296917,37614323,118,45,1108882185,31158262544209293
6,2296917,37614323,120,95,2220063293,59513398029636551
6,2296917,37614323,122,27,653716989,18280184858942715
6,2296917,37614323,124,21,461197467,11963758865418429
6,2296917,37614323,126,50,997482452,24132936419362922
6,2296917,37614323,128,11,239860441,6600548506263467
6,2296917,37614323,130,17,451543913,12996841964044193
6,2296917,37614323,132,29,638246051,17527190754885941
6,2296917,37614323,134,10,204049112,4877459484323866
6,2296917,37614323,136,13,304452505,8410094685706381
6,2296917,37614323,138,21,501995493,14151552721145325
6,2296917,37614323,140,16,391260896,11223694847161192
6,2296917,37614323,142,6,138124728,3600773000788134
6,2296917,37614323,144,12,311513124,8730239304994140
6,2296917,37614323,146,3,58789617,1438168847840067
6,2296917,37614323,148,7,159461617,4709804538058471
6,2296917,37614323,150,8,213543842,6209166682416608
6,2296917,37614323,152,3,63433377,1771088888884371
6,2296917,37614323,154,3,30970263,376324811781627
6,2296917,37614323,156,3,70158197,1686172330616907
6,2296917,37614323,160,1,33803689,1142689390008721
6,2296917,37614323,164,1,20285099,411485241439801
6,2296917,37614323,168,1,37305713,1391716222438369
6,2296917,37614323,170,1,27915737,779288372253169
6,2296917,37614323,180,1,17051707,290760711613849
6,2296917,37614323,182,1,36271601,1315629039103201
6,2296917,37614323,210,1,20831323,433944017930329
7,3450095,57995527,2,272320,7364292421452,278841804125041271112
7,3450095,57995527,4,272000,7365496840328,279074719471919767472
7,3450095,57995527,6,472683,12882567048413,488750754718573101387
7,3450095,57995527,8,204793,5617678953701,213617000020932353041
7,3450095,57995527,10,262920,7205759601690,273547852055393157840
7,3450095,57995527,12,326942,9055107350354,344942785712815629494
7,3450095,57995527,14,177156,4919623365456,187653875705660831292
7,3450095,57995527,16,130047,3646319348565,139410691750064667855
7,3450095,57995527,18,231124,6506683584736,249091243087399136404
7,3450095,57995527,20,120635,3431383709353,131681094188890200179
7,3450095,57995527,22,104821,2975917857817,114270807522356355781
7,3450095,57995527,24,152140,4361861529886,167852817556625319076
7,3450095,57995527,26,69903,2012074953843,77472671132018306991
7,3450095,57995527,28,75676,2181686919046,84107497816964984860
7,3450095,57995527,30,129235,3763850884097,145510150257899829499
7,3450095,57995527,32,39168,1148943940920,44492447834959598784
7,3450095,57995527,34,40969,1204684487497,46762665299453953081
7,3450095,57995527,36,64992,1926632602866,74916024698621389080
7,3450095,57995527,38,29327,873760374451,33968536903723588463
7,3450095,57995527,40,34272,1015732811316,39488147592726686640
7,3450095,57995527,42,48532,1461939338728,57158018099503846756
7,3450095,57995527,44,19364,586878828784,22976794758019795244
7,3450095,57995527,46,16369,496306589923,19416731112572408761
7,3450095,57995527,48,27665,845737155753,33145287704686366337
7,3450095,57995527,50,15113,465086980381,18311126140926238481
7,3450095,57995527,52,11142,344675810856,13578139444154128782
7,3450095,57995527,54,18240,565494447268,22386723860435632344
7,3450095,57995527,56,8959,279166686185,10979229897085604383
7,3450095,57995527,58,7901,244983704399,9699035622081947765
7,3450095,57995527,60,15203,477246830799,18907106880645278507
7,3450095,57995527,62,4516,141612093056,5599077578149016860
7,3450095,57995527,64,4644,144354855426,5683942699561534404
7,3450095,57995527,66,8201,259483882935,10330404089255924249
7,3450095,57995527,68,3212,103692109708,4169701443743021492
7,3450095,57995527,70,4595,147312540701,5901308436408428891
7,3450095,57995527,72,4180,134782356554,5388620647141814620
7,3450095,57995527,74,2187,70847616021,2833188444231363627
7,3450095,57995527,76,1839,60197883399,2423879770612628535
7,3450095,57995527,78,3426,110543773210,4406828246565835866
7,3450095,57995527,80,1638,53750524674,2170484927209488342
7,3450095,57995527,82,1186,39200696740,1577955191097810802
7,3450095,57995527,84,2323,75922234007,3083850226458361507
7,3450095,57995527,86,778,26617602812,1098233608304636410
7,3450095,57995527,88,813,27469301625,1116391590415661901
7,3450095,57995527,90,1633,53494939115,2147936583952473697
7,3450095,57995527,92,525,17849730513,725790265535481093
7,3450095,57995527,94,468,15535390914,625801846041959436
7,3450095,57995527,96,753,26172751753,1099963438159372905
7,3450095,57995527,98,381,13247105709,552528735656975901
7,3450095,57995527,100,424,13783889146,544738285278836800
7,3450095,57995527,102,452,15569811802,639025032473210396
7,3450095,57995527,104,236,7602575080,296756859720287060
7,3450095,57995527,106,191,6858807371,290901332068573055
7,3450095,57995527,108,352,12127670532,500832423067778944
7,3450095,57995527,110,215,7560391069,315137957119826039
7,3450095,57995527,112,156,5375786130,221137622751441156
7,3450095,57995527,114,239,8673132961,368895519203903999
7,3450095,57995527,116,81,2757044373,111382450355520681
7,3450095,57995527,118,92,3393210356,143546456944078844
7,3450095,57995527,120,191,6720651857,273666031473296711
7,3450095,57995527,122,63,2294331747,94379049778558911
7,3450095,57995527,124,55,2082814291,90366305524127191
7,3450095,57995527,126,99,3369224627,140609934394940211
7,3450095,57995527,128,29,1098178195,48087694553691221
7,3450095,57995527,130,24,810961044,31790535339127992
7,3450095,57995527,132,66,2453721506,107701042688587194
7,3450095,57995527,134,21,704403219,28008460523044125
7,3450095,57995527,136,20,670557782,27645881479135292
7,3450095,57995527,138,42,1511030402,63272841588709698
7,3450095,57995527,140,24,766556262,28965533953891656
7,3450095,57995527,142,13,488826697,21424283677334389
7,3450095,57995527,144,22,816733180,34572468319679398
7,3450095,57995527,146,7,267037757,12296882971628815
7,3450095,57995527,148,15,544686285,23453366326638111
7,3450095,57995527,150,13,445467789,17177149265476885
7,3450095,57995527,152,6,201164082,8305266199412790
7,3450095,57995527,154,5,140125805,6334132319402357
7,3450095,57995527,156,7,269142457,11654544846965023
7,3450095,57995527,158,2,102446440,5255269945021442
7,3450095,57995527,160,2,86743448,3945307472986802
7,3450095,57995527,162,4,172934488,7527068957858212
7,3450095,57995527,164,2,68258356,2712918628627850
7,3450095,57995527,168,3,136947697,6475753325043939
7,3450095,57995527,170,1,27915737,779288372253169
7,3450095,57995527,172,1,38394127,1474108988092129
7,3450095,57995527,174,1,52721113,2779515755958769
7,3450095,57995527,176,2,85554544,3703744593764018
7,3450095,57995527,178,2,92620862,4385097073762250
7,3450095,57995527,180,1,17051707,290760711613849
7,3450095,57995527,182,1,36271601,1315629039103201
7,3450095,57995527,198,1,46006769,2116622793819361
7,3450095,57995527,210,1,20831323,433944017930329
7,3450095,57995527,220,1,47326693,2239815870316249
8,5182233,89359883,2,398624,16655884132454,972743719056245320576
8,5182233,89359883,4,398485,16669827731233,973870165298025454861
8,5182233,89359883,6,695338,29260295863618,1711728881995544321218
8,5182233,89359883,8,302177,12780701721427,748492386055655495849
8,5182233,89359883,10,388411,16438157142943,963085233901928672611
8,5182233,89359883,12,485894,20752719437982,1218834287427168424670
8,5182233,89359883,14,264070,11311775516234,664856149415120869414
8,5182233,89359883,16,194530,8393915386240,494221571183007124354
8,5182233,89359883,18,346107,14971514021199,881718241790061100803
8,5182233,89359883,20,182246,7970681557660,471166340459002684142
8,5182233,89359883,22,157908,6882447047286,406081003251656625420
8,5182233,89359883,24,231278,10189380265404,603469365165088517366
8,5182233,89359883,26,107005,4744835410049,281784692306576950477
8,5182233,89359883,28,115944,5144596855824,305417993713431594120
8,5182233,89359883,30,199083,8907961675833,530105512266275050875
8,5182233,89359883,32,60783,2740556177469,163447815904755906063
8,5182233,89359883,34,63558,2869399113942,171306419274526960158
8,5182233,89359883,36,101550,4621941538874,276646631961916401462
8,5182233,89359883,38,46056,2106817494720,126223314611929378896
8,5182233,89359883,40,53979,2467777245837,148088667856459330707
8,5182233,89359883,42,76981,3560344962981,214251098477283593797
8,5182233,89359883,44,30870,1434975884154,86438147389953764526
8,5182233,89359883,46,26041,1209491053975,72798200234521117513
8,5182233,89359883,48,44149,2063777931381,124491793587473563357
8,5182233,89359883,50,24337,1145663450387,69265545805731453697
8,5182233,89359883,52,18146,861836136356,52331570997381451010
8,5182233,89359883,54,29627,1405993530597,85361661844123073627
8,5182233,89359883,56,14582,693826885690,42021991197203649662
8,5182233,89359883,58,12887,613422908807,37328723870497685039
8,5182233,89359883,60,24995,1200468371651,73136870100853634363
8,5182233,89359883,62,7471,359898137915,21970409618455923967
8,5182233,89359883,64,7718,371298349016,22685231818327102094
8,5182233,89359883,66,13582,657110817996,40159624579627400614
8,5182233,89359883,68,5431,267339402299,16425241957119400903
8,5182233,89359883,70,7720,378075578038,23192647616842166104
8,5182233,89359883,72,7394,372166189498,23187358217980651490
8,5182233,89359883,74,3767,188075130961,11662794860218395935
8,5182233,89359883,76,3102,153787939770,9462802261134321846
8,5182233,89359883,78,5910,294165115954,18183885257459105814
8,5182233,89359883,80,2850,143511250770,8915165366378098314
8,5182233,89359883,82,2045,103023061061,6386078230035204797
8,5182233,89359883,84,4064,204719751492,12752883834548025608
8,5182233,89359883,86,1389,72034943715,4523911736838313389
8,5182233,89359883,88,1438,73585576444,4570042210904531998
8,5182233,89359883,90,2899,146915433579,9145859540122745323
8,5182233,89359883,92,927,47463570315,2942699295294607743
8,5182233,89359883,94,836,42682684034,2657275438484997356
8,5182233,89359883,96,1401,74221930615,4714296711756797913
8,5182233,89359883,98,722,38272038988,2415199517440217522
8,5182233,89359883,100,758,38567927606,2411393204789880470
8,5182233,89359883,102,915,49676719589,3191778851433238563
8,5182233,89359883,104,418,21122399606,1316202293966171386
8,5182233,89359883,106,357,19074583617,1204877987695758381
8,5182233,89359883,108,621,31887573583,1973074921980614061
8,5182233,89359883,110,397,21146749085,1344878458551917509
8,5182233,89359883,112,276,14254237986,889291314488893452
8,5182233,89359883,114,410,21239908704,1307023588380408434
8,5182233,89359883,116,160,8519616290,539657458220356576
8,5182233,89359883,118,153,7783587753,463051512214207473
8,5182233,89359883,120,371,19944798979,1260795843394104923
8,5182233,89359883,122,111,5774558355,350332947791224287
8,5182233,89359883,124,121,6988076677,460500510942824065
8,5182233,89359883,126,173,8914649895,561828743074853597
8,5182233,89359883,128,61,3484963307,227983485738598549
8,5182233,89359883,130,64,3846275944,265221815994405256
8,5182233,89359883,132,110,5702955030,351019176367622366
8,5182233,89359883,134,40,2098261928,132164790565558240
8,5182233,89359883,136,36,1819291542,111622833637004100
8,5182233,89359883,138,76,4051488476,255685974727410556
8,5182233,89359883,140,47,2487252247,159738412373626439
8,5182233,89359883,142,28,1593897460,103871842280234356
8,5182233,89359883,144,38,1945577646,115326358584649382
8,5182233,89359883,146,19,1119244607,73552093133286691
8,5182233,89359883,148,31,1699994029,107890370913022663
8,5182233,89359883,150,30,1634094900,101660689059336078
8,5182233,89359883,152,18,1066884600,71644312561081314
8,5182233,89359883,154,9,418308603,26079985928080065
8,5182233,89359883,156,20,1230730630,83950064655689828
8,5182233,89359883,158,8,573643906,42752170615664624
8,5182233,89359883,160,8,551126402,40132149451298504
8,5182233,89359883,162,6,318732262,18169131875122950
8,5182233,89359883,164,4,201492512,11637947083407460
8,5182233,89359883,166,1,83751121,7014250268756641
8,5182233,89359883,168,7,419415533,26836394060963359
8,5182233,89359883,170,4,258469988,18712468817238748
8,5182233,89359883,172,1,38394127,1474108988092129
8,5182233,89359883,174,3,206682487,14648326095187707
8,5182233,89359883,176,4,216152300,12335221261538236
8,5182233,89359883,178,4,222099316,12819497274280900
8,5182233,89359883,180,1,17051707,290760711613849
8,5182233,89359883,182,1,36271601,1315629039103201
8,5182233,89359883,184,1,79167733,6267529948359289
8,5182233,89359883,196,1,70396393,4955652147410449
8,5182233,89359883,198,1,46006769,2116622793819361
8,5182233,89359883,210,1,20831323,433944017930329
8,5182233,89359883,220,1,47326693,2239815870316249
9,9000000,160481183,2,669294,50365428109090,5285176744745723600198
9,9000000,160481183,4,668979,50338764981675,5278761448076254712787
9,9000000,160481183,6,1173553,88823013405701,9331972250078335335577
9,9000000,160481183,8,511903,38925871683929,4096332306263105261839
9,9000000,160481183,10,659823,50256771992139,5291586062985970910439
9,9000000,160481183,12,830890,63770504558056,6728233278815980096354
9,9000000,160481183,14,454184,35004158460832,3697711003036241543216
9,9000000,160481183,16,335152,25935968413684,2741656533829080886000
9,9000000,160481183,18,600876,46748151923560,4952575987786506876828
9,9000000,160481183,20,318483,24972838395195,2650464267003167266947
9,9000000,160481183,22,276264,21651858187758,2299175323634996949168
9,9000000,160481183,24,406695,32083079166169,3409834823316864150687
9,9000000,160481183,26,189393,15030047159229,1600611926254719465345
9,9000000,160481183,28,205623,16346077641567,1742461819228538529471
9,9000000,160481183,30,357008,28615797560198,3056208256305002538848
9,9000000,160481183,32,110091,8891659150137,951651302437904587035
9,9000000,160481183,34,115171,9323557921285,1000188423222858045475
9,9000000,160481183,36,184468,14983498155608,1606552506288909306268
9,9000000,160481183,38,84455,6906948502543,742369197557867565335
9,9000000,160481183,40,99486,8155780966506,878218166805556640766
9,9000000,160481183,42,142305,11730347186801,1263509391723805540617
9,9000000,160481183,44,57726,4796011921266,518449188501682685838
9,9000000,160481183,46,48862,4066889091256,440163011557375168798
9,9000000,160481183,48,83074,6937817474910,751137792987229114330
9,9000000,160481183,50,46175,3877275777361,420058034548759193399
9,9000000,160481183,52,34374,2890073779440,312681969514168627590
9,9000000,160481183,54,56789,4807432679861,522762381852070825157
9,9000000,160481183,56,28481,2434804170805,265927324438246067417
9,9000000,160481183,58,24806,2104746860558,228938896573766673806
9,9000000,160481183,60,48729,4173814639259,455679309622409680257
9,9000000,160481183,62,14728,1269361770542,138979315014473696848
9,9000000,160481183,64,15186,1308005122674,143360532063582117258
9,9000000,160481183,66,27116,2351813646674,258059649463378313084
9,9000000,160481183,68,10884,950854320858,104393290994963201268
9,9000000,160481183,70,15358,1336102117180,146571506936078716558
9,9000000,160481183,72,15083,1335933849117,147179138530028232419
9,9000000,160481183,74,7519,658825157951,72306364154540420671
9,9000000,160481183,76,6338,557618796140,61201349941031668178
9,9000000,160481183,78,12010,1061828698244,117364266606442575034
9,9000000,160481183,80,5881,523651083731,57873601552555133881
9,9000000,160481183,82,4222,376359810046,41637316430119058590
9,9000000,160481183,84,8516,764847679534,85044436437207547196
9,9000000,160481183,86,2939,267620716669,29857146362290830947
9,9000000,160481183,88,3017,274157668343,30707147085071612609
9,9000000,160481183,90,6174,559138289048,62394915546584943558
9,9000000,160481183,92,1963,177232924331,19641668379502294171
9,9000000,160481183,94,1792,162865668928,18159303353291089432
9,9000000,160481183,96,3068,283269684902,31633054299774577196
9,9000000,160481183,98,1569,144644427051,16128916867156336617
9,9000000,160481183,100,1645,149876267977,16733602250188935061
9,9000000,160481183,102,2026,190054839584,21399741574180511002
9,9000000,160481183,104,999,93284410629,10512954105276442215
9,9000000,160481183,106,791,73951281689,8311983176288587583
9,9000000,160481183,108,1411,132719140589,15150731507693489659
9,9000000,160481183,110,819,75068687691,8420720366496218859
9,9000000,160481183,112,617,56925099941,6373842383258643569
9,9000000,160481183,114,968,92353707040,10612130765419992488
9,9000000,160481183,116,381,36644764023,4213672445899249413
9,9000000,160481183,118,365,34522080917,3924103560972582677
9,9000000,160481183,120,804,73977258646,8177698894170881220
9,9000000,160481183,122,241,22196559167,2483205981201006097
9,9000000,160481183,124,272,26235819212,2985029596136782448
9,9000000,160481183,126,449,43818006063,5082782672241738497
9,9000000,160481183,128,156,15435101544,1770684540998200572
9,9000000,160481183,130,177,18166507029,2127366727092483825
9,9000000,160481183,132,249,23020400821,2568571554215617809
9,9000000,160481183,134,109,10845962123,1268051658161697997
9,9000000,160481183,136,83,7720158629,868964806238510027
9,9000000,160481183,138,181,17257970107,1964688647967599437
9,9000000,160481183,140,110,10203316414,1129340211788352638
9,9000000,160481183,142,74,7694957996,929102290284745562
9,9000000,160481183,144,106,10366256722,1187291733896980666
9,9000000,160481183,146,39,3674781807,408407830943821671
9,9000000,160481183,148,61,5437234003,582695955780163885
9,9000000,160481183,150,78,7541075996,848517815893542318
9,9000000,160481183,152,43,4382808911,520672601229071395
9,9000000,160481183,154,36,3835874778,468290447929666380
9,9000000,160481183,156,48,4779852254,544026654049708632
9,9000000,160481183,158,16,1568423294,172174513482544648
9,9000000,160481183,160,24,2595141102,309128056242207696
9,9000000,160481183,162,21,2237806071,269581684872646941
9,9000000,160481183,164,17,1821336271,217965510125799377
9,9000000,160481183,166,6,763980264,100870244187064662
9,9000000,160481183,168,19,1960860935,231601195578031867
9,9000000,160481183,170,17,1909425787,232929931688597993
9,9000000,160481183,172,4,397962418,45009715267252012
9,9000000,160481183,174,8,804476060,86399375243251328
9,9000000,160481183,176,9,848096295,94602755556533193
9,9000000,160481183,178,10,938038216,100397924699379730
9,9000000,160481183,180,9,957620029,114707835995321961
9,9000000,160481183,182,3,273045627,29413570665888411
9,9000000,160481183,184,4,466827160,56843281121552932
9,9000000,160481183,186,1,147684137,21810604321434769
9,9000000,160481183,188,1,134065829,17973646505457241
9,9000000,160481183,190,1,142414669,20281937946379561
9,9000000,160481183,192,2,275386602,38324366310017402
9,9000000,160481183,196,1,70396393,4955652147410449
9,9000000,160481183,198,4,419238230,48644479951233844
9,9000000,160481183,202,2,216492554,23435525974033658
9,9000000,160481183,204,3,368729533,45545190502104939
9,9000000,160481183,210,2,111269456,8612999918456018
9,9000000,160481183,220,1,47326693,2239815870316249
9,9000000,160481183,222,1,122164747,14924225409574009
10,11691997,211733111,2,855565,85018611299625,11772641351484843191325
10,11691997,211733111,4,855963,85112846951181,11786744173303500902283
10,11691997,211733111,6,1504586,150383143205676,20852564375534211246938
10,11691997,211733111,8,657665,66035332569613,9170106166908247643849
10,11691997,211733111,10,848160,85292600213688,11850462816938129250696
10,11691997,211733111,12,1071920,108604652920448,15120686689262231779544
10,11691997,211733111,14,586544,59622370463692,8305571100081905816816
10,11691997,211733111,16,433794,44286533609400,6176986344877556994738
10,11691997,211733111,18,780003,80063513214641,11188066372172235152475
10,11691997,211733111,20,415016,42935793901588,6014201275378812823496
10,11691997,211733111,22,359498,37139940758798,5199335419471965035474
10,11691997,211733111,24,531665,55330051486221,7761548678705707683089
10,11691997,211733111,26,248395,26006441074901,3655493076452577589771
10,11691997,211733111,28,269550,28245832261788,3971533839769569523038
10,11691997,211733111,30,469754,49597896592428,6985691654642471117018
10,11691997,211733111,32,145341,15453069927951,2180737141770316720341
10,11691997,211733111,34,152445,16258257915543,2298552457186033929069
10,11691997,211733111,36,244531,26161263184589,3699909451642219377331
10,11691997,211733111,38,112467,12123718396497,1720020482377174218867
10,11691997,211733111,40,132190,14244040923352,2018753865927778335838
10,11691997,211733111,42,190318,20668186403964,2937870102697481800174
10,11691997,211733111,44,77136,8412329023680,1196437455276880793352
10,11691997,211733111,46,65356,7138635857716,1015855809251658095908
10,11691997,211733111,48,111812,12286684035256,1753052638816469007764
10,11691997,211733111,50,62502,6917381810442,989718682319410449558
10,11691997,211733111,52,46416,5130690009360,732204191916925577064
10,11691997,211733111,54,76904,8552059673128,1224279826072966401248
10,11691997,211733111,56,38719,4340099435945,622697931414692752903
10,11691997,211733111,58,33565,3737738063977,535317352539421118149
10,11691997,211733111,60,66733,7526161853273,1083815358944750930125
10,11691997,211733111,62,20209,2289836214377,330169624241187017689
10,11691997,211733111,64,20885,2366698648589,341296911761066982677
10,11691997,211733111,66,37475,4279253632005,618946086851630735699
10,11691997,211733111,68,15060,1730584182060,250888161950833926012
10,11691997,211733111,70,21358,2455964731648,356889566947008892726
10,11691997,211733111,72,20967,2431329965627,352394968345885975743
10,11691997,211733111,74,10338,1184032719630,170775245041919327802
10,11691997,211733111,76,8859,1027381339197,149285437536881913675
10,11691997,211733111,78,16934,1979511259402,289447839966075886838
10,11691997,211733111,80,8309,975300459523,142417615661256478565
10,11691997,211733111,82,5904,691009014018,100859969267427497352
10,11691997,211733111,84,12041,1421259258147,208065653602929706025
10,11691997,211733111,86,4234,508836464276,75076052427385122082
10,11691997,211733111,88,4322,518272658360,76652728735072893458
10,11691997,211733111,90,8648,1020148478612,148841800868470166312
10,11691997,211733111,92,2789,331297405465,48563585019294951341
10,11691997,211733111,94,2540,302713804508,44466796977473382884
10,11691997,211733111,96,4405,532339919447,78318286358906970541
10,11691997,211733111,98,2285,277871279383,41070407231140998533
10,11691997,211733111,100,2389,288117720535,42580628867550147277
10,11691997,211733111,102,2991,370178378245,55231544885341780143
10,11691997,211733111,104,1458,178574533020,26460315442970292546
10,11691997,211733111,106,1171,144557913571,21508497844807495891
10,11691997,211733111,108,2042,250691671822,37344288233857564634
10,11691997,211733111,110,1183,143400246455,21329400097191601639
10,11691997,211733111,112,916,113015433370,16955721336462831460
10,11691997,211733111,114,1381,169145142921,24980403423859511053
10,11691997,211733111,116,560,70332364942,10590492815137439192
10,11691997,211733111,118,540,67095288336,10025547397550430468
10,11691997,211733111,120,1200,147980472862,22102380984639444528
10,11691997,211733111,122,365,45246406003,6794272445087127581
10,11691997,211733111,124,393,48693784731,7178280406019484153
10,11691997,211733111,126,658,82578264052,12319565458980150082
10,11691997,211733111,128,239,30914257609,4675008544002702839
10,11691997,211733111,130,272,35853959462,5441142475151765504
10,11691997,211733111,132,382,47696909556,7175241715370280622
10,11691997,211733111,134,155,19395870685,2866552869869089283
10,11691997,211733111,136,123,15051491565,2220163842368157171
10,11691997,211733111,138,279,35688166133,5450073226490169783
10,11691997,211733111,140,178,22851335768,3500249485758096322
10,11691997,211733111,142,108,13929594960,2079131628768392796
10,11691997,211733111,144,152,18992885304,2813913216595830392
10,11691997,211733111,146,61,7856909975,1208425276415096989
10,11691997,211733111,148,78,8581994970,1167302389859664990
10,11691997,211733111,150,129,17075329539,2641621507614579513
10,11691997,211733111,152,66,8681262318,1328812812790432026
10,11691997,211733111,154,54,7158930330,1086160335280874502
10,11691997,211733111,156,78,10481674410,1635167578406565318
10,11691997,211733111,158,29,4029841141,640414562120357429
10,11691997,211733111,160,37,5069393173,782333840066647933
10,11691997,211733111,162,41,6068242361,1008002763907054841
10,11691997,211733111,164,25,3311177363,497221589194072969
10,11691997,211733111,166,14,2249742278,378600728509972214
10,11691997,211733111,168,39,5617443829,903346055996794623
10,11691997,211733111,170,21,2635618107,365266852125212853
10,11691997,211733111,172,10,1586919292,281010277501940794
10,11691997,211733111,174,12,1538714102,222023628470909436
10,11691997,211733111,176,16,2160028616,341927358305972464
10,11691997,211733111,178,14,1677570254,238589280393963230
10,11691997,211733111,180,10,1126424582,143202813108851770
10,11691997,211733111,182,8,1239344212,217721624630111624
10,11691997,211733111,184,7,1050923353,170786750753362231
10,11691997,211733111,186,3,492062081,81141751157299587
10,11691997,211733111,188,1,134065829,17973646505457241
10,11691997,211733111,190,1,142414669,20281937946379561
10,11691997,211733111,192,5,822713511,138998650194845285
10,11691997,211733111,194,2,358662136,64637020874640050
10,11691997,211733111,196,3,470327421,85082216643625179
10,11691997,211733111,198,6,759614070,106573828476511446
10,11691997,211733111,202,2,216492554,23435525974033658
10,11691997,211733111,204,3,368729533,45545190502104939
10,11691997,211733111,208,2,388192082,75349020196939562
10,11691997,211733111,210,4,443264750,63726750100499548
10,11691997,211733111,216,1,202551667,41027177804478889
10,11691997,211733111,220,1,47326693,2239815870316249
10,11691997,211733111,222,1,122164747,14924225409574009
10,11691997,211733111,234,1,189695659,35984443043444281
10,11691997,211733111,248,1,191912783,36830516278805089
11,17562024,325619971,2,1255140,192239111280244,40975821073417195452068
11,17562024,325619971,4,1255358,192235228210388,40950035495463085734494
11,17562024,325619971,6,2213905,340678532633715,72671302385448402486409
11,17562024,325619971,8,971217,150158191643373,32078891197740934539201
11,17562024,325619971,10,1253906,194188312229372,41515046294496683561450
11,17562024,325619971,12,1591701,248094451068585,53116925276969274769605
11,17562024,325619971,14,873543,136614047266185,29270012872461934069623
11,17562024,325619971,16,648378,101869719272454,21861250977356647891242
11,17562024,325619971,18,1168229,184270380532123,39579424862792296521077
11,17562024,325619971,20,625915,99553985056697,21441781555139683378267
11,17562024,325619971,22,540807,85823234304321,18467180834602122402831
11,17562024,325619971,24,804656,128619577016174,27733023915898484927456
11,17562024,325619971,26,376874,60526831690762,13069520706547320053954
11,17562024,325619971,28,410051,65979521497301,14257246728936082098635
11,17562024,325619971,30,719859,116767364509629,25295485215616050193947
11,17562024,325619971,32,223565,36473791349257,7913827295132359751333
11,17562024,325619971,34,234907,38412768301525,8339546370763068197251
11,17562024,325619971,36,378707,62231471515037,13541627405829366716939
11,17562024,325619971,38,175115,28958332642723,6310961072166680021219
11,17562024,325619971,40,206060,34087126742288,7429091678083668617588
11,17562024,325619971,42,298963,49869645343385,10903902844901373149659
11,17562024,325619971,44,121219,20263010364953,4429678073938838211955
11,17562024,325619971,46,103266,17331954220908,3797425329750566984754
11,17562024,325619971,48,176681,29716034911711,6505933942888202389601
11,17562024,325619971,50,99378,16833180591576,3695768925996897407754
11,17562024,325619971,52,74003,12554714250863,2760039613201559390219
11,17562024,325619971,54,122990,20958607200680,4613881527642815025422
11,17562024,325619971,56,62533,10744318588223,2370811158544948994029
11,17562024,325619971,58,53912,9208405576190,2028110800570895913536
11,17562024,325619971,60,107689,18548209790959,4094334742971712185241
11,17562024,325619971,62,32956,5721919583846,1267955177958650893204
11,17562024,325619971,64,34087,5914564046653,1309062236212606462663
11,17562024,325619971,66,61262,10682737826722,2368522859710846899350
11,17562024,325619971,68,24728,4329582999088,960027871529608784096
11,17562024,325619971,70,35038,6142321779160,1364956352004737862934
11,17562024,325619971,72,34740,6139050266794,1365297540404454569724
11,17562024,325619971,74,17135,3019430348161,673839864283390150343
11,17562024,325619971,76,14799,2629405033371,587702411263620533319
11,17562024,325619971,78,28350,5058377538458,1132211688552368402718
11,17562024,325619971,80,14028,2514820953576,562967536776552429540
11,17562024,325619971,82,9945,1780691562099,399019580945091943425
11,17562024,325619971,84,20430,3680572936042,825795369520438250766
11,17562024,325619971,86,7117,1284100974269,286683105413381493613
11,17562024,325619971,88,7346,1332192274862,298969349141818523618
11,17562024,325619971,90,14767,2669003186265,599894904242646299239
11,17562024,325619971,92,4835,883219145059,199731001122816107459
11,17562024,325619971,94,4443,817490081505,185760590653674303651
11,17562024,325619971,96,7739,1433001587517,325213907948967645467
11,17562024,325619971,98,3979,733864181195,165631382742852350275
11,17562024,325619971,100,4165,769159163821,174810754417781370997
11,17562024,325619971,102,5307,996077009751,226911532262073410979
11,17562024,325619971,104,2562,474981943494,107237126423316189858
11,17562024,325619971,106,1996,368156227768,82994648805086622676
11,17562024,325619971,108,3582,663350592122,149518615431036663438
11,17562024,325619971,110,2103,391022344539,89003827794390096279
11,17562024,325619971,112,1615,302293529563,68996843349422917567
11,17562024,325619971,114,2454,458562573350,104147729894697419958
11,17562024,325619971,116,1041,200610298689,46403942767343704161
11,17562024,325619971,118,968,182950176536,41877561946627426736
11,17562024,325619971,120,2205,418376962697,95907637226695410837
11,17562024,325619971,122,676,128647280228,29496956134569921628
11,17562024,325619971,124,678,125912395542,28413535623606165486
11,17562024,325619971,126,1247,241718367357,55961733454152770399
11,17562024,325619971,128,417,79048007595,17874588423339950721
11,17562024,325619971,130,531,105160231353,24238286515263245091
11,17562024,325619971,132,728,141689292988,33051052436605818272
11,17562024,325619971,134,314,63037786276,15007247217603689498
11,17562024,325619971,136,267,54301114203,13080176092577351643
11,17562024,325619971,138,508,97392625156,22311290355336331468
11,17562024,325619971,140,314,58992855406,13239590710197067538
11,17562024,325619971,142,204,40256573136,9401716812767590356
11,17562024,325619971,144,313,61962161763,14474657416733374609
11,17562024,325619971,146,132,26959888824,6436532600810953236
11,17562024,325619971,148,145,26420127925,5987461774336610065
11,17562024,325619971,150,278,57245262274,13645859491865065094
11,17562024,325619971,152,112,21388122668,4877522809410351448
11,17562024,325619971,154,92,17552143508,3969118980799522892
11,17562024,325619971,156,153,31537988749,7621272179197274721
11,17562024,325619971,158,55,11133680681,2609383780295521519
11,17562024,325619971,160,65,12699344633,2880201159866572073
11,17562024,325619971,162,73,14995034949,3527269134738691537
11,17562024,325619971,164,48,9713103300,2296396424969376360
11,17562024,325619971,166,32,7048621610,1679308179632524784
11,17562024,325619971,168,89,19135275415,4612675275353345153
11,17562024,325619971,170,37,6936533603,1541041711482272365
11,17562024,325619971,172,25,5755830133,1459873614117271969
11,17562024,325619971,174,39,8778937149,2190787832715276927
11,17562024,325619971,176,26,4736481358,1017293040997561802
11,17562024,325619971,178,18,2752924530,530949515692087050
11,17562024,325619971,180,27,5509656049,1293552572830795899
11,17562024,325619971,182,17,3539214367,816573939365133833
11,17562024,325619971,184,16,3421157830,810138431425051816
11,17562024,325619971,186,12,2773075838,667718883510345684
11,17562024,325619971,188,4,1024341812,284010778629561292
11,17562024,325619971,190,8,2038158914,538996387145235464
11,17562024,325619971,192,11,2457699903,592805054762011451
11,17562024,325619971,194,5,1184426191,296371139434077989
11,17562024,325619971,196,6,1312067136,324982313512720470
11,17562024,325619971,198,16,3517268644,878430384427831648
11,17562024,325619971,202,3,489962295,98221225216640739
11,17562024,325619971,204,7,1367847139,295747879346638207
11,17562024,325619971,206,2,543269506,150645872137671818
11,17562024,325619971,208,3,644718201,141154669926141723
11,17562024,325619971,210,8,1548733884,374935622737515488
11,17562024,325619971,212,2,469047844,110692965195494618
11,17562024,325619971,214,1,253878403,64454243509830409
11,17562024,325619971,216,1,202551667,41027177804478889
11,17562024,325619971,220,1,47326693,2239815870316249
11,17562024,325619971,222,4,958121796,254450175453760012
11,17562024,325619971,234,2,474187026,116919780940972970
11,17562024,325619971,236,1,216668603,46945283525971609
11,17562024,325619971,248,1,191912783,36830516278805089
12,26379128,500465113,2,1841687,434132697927791,142226842063329578109271
12,26379128,500465113,4,1842809,434514080559947,142370261841848896287761
12,26379128,500465113,6,3260194,772199016977092,253311697220058164809858
12,26379128,500465113,8,1435303,341580695468999,112218340459296599845135
12,26379128,500465113,10,1853942,441648504467486,145097081261967768856166
12,26379128,500465113,12,2362645,566174666474935,186318092118466255760245
12,26379128,500465113,14,1298367,311930869644177,102701784829213198976631
12,26379128,500465113,16,967996,233772517016836,77112157739965801679236
12,26379128,500465113,18,1749667,424239853848053,140099051500629244527307
12,26379128,500465113,20,943647,230704945509339,76386466884669251234367
12,26379128,500465113,22,813427,198357794744833,65614609948235493634051
12,26379128,500465113,24,1216555,298662847133399,98982134756054036921107
12,26379128,500465113,26,571899,141068368705467,46830177328339760822883
12,26379128,500465113,28,621973,153479601245833,50924480775515438795869
12,26379128,500465113,30,1102034,274575263902368,91430977657979545697282
12,26379128,500465113,32,343725,86048420175813,28672702287138904297533
12,26379128,500465113,34,361025,90499486727699,30172734127409964502985
12,26379128,500465113,36,584523,147256345931745,49189563111579694286451
12,26379128,500465113,38,271776,68873460808488,23039899255974839582640
12,26379128,500465113,40,320215,81254820244549,27208806629880121674799
12,26379128,500465113,42,467437,119480256578259,40096216464249004967557
12,26379128,500465113,44,190135,48755891238875,16385828667842020471975
12,26379128,500465113,46,162554,41832228394160,14073115570399059813794
12,26379128,500465113,48,278684,71855716150312,24174451896008263990268
12,26379128,500465113,50,157316,40767489805636,13730343516906330561068
12,26379128,500465113,52,117493,30528625925407,10299606028091329411333
12,26379128,500465113,54,195251,50836187875875,17151772248069320685347
12,26379128,500465113,56,99903,26203881004407,8861151865776450109287
12,26379128,500465113,58,86338,22624760357722,7661058771623643783586
12,26379128,500465113,60,173789,45886722769161,15569402082712853132117
12,26379128,500465113,62,53466,14205991022082,4829704733099077090338
12,26379128,500465113,64,55099,14604068709877,4955914767910902386947
12,26379128,500465113,66,99786,26623572031210,9062987918985505281618
12,26379128,500465113,68,40556,10882159001374,3712502083004371239884
12,26379128,500465113,70,57404,15397274639366,5250995261103600854420
12,26379128,500465113,72,56964,15323807960454,5217688871098260670020
12,26379128,500465113,74,28342,7661701442108,2625847055586708542086
12,26379128,500465113,76,24429,6613215154167,2260039501549363695645
12,26379128,500465113,78,47099,12814144714721,4387681554617933552723
12,26379128,500465113,80,23626,6494334453404,2237400808098428123578
12,26379128,500465113,82,16790,4614039146774,1589466603155650589222
12,26379128,500465113,84,34110,9343948649742,3205370811862953655110
12,26379128,500465113,86,12004,3308330320610,1137598008731631950068
12,26379128,500465113,88,12415,3436593868081,1185366308582038928695
12,26379128,500465113,90,25012,6918013362896,2388392389216299129676
12,26379128,500465113,92,8240,2291791732324,791133175367664467696
12,26379128,500465113,94,7613,2135012468447,741375842072938739717
12,26379128,500465113,96,13202,3697545265628,1277986455345389719898
12,26379128,500465113,98,6871,1931136246665,668595326515058831767
12,26379128,500465113,100,7166,2013146258894,698195271980263882766
12,26379128,500465113,102,9289,2644367026797,919182094670796701593
12,26379128,500465113,104,4328,1206979686712,415145204830390100120
12,26379128,500465113,106,3590,1030903713620,362620136709341086238
12,26379128,500465113,108,6348,1809164339040,631227873940757397900
12,26379128,500465113,110,3731,1064769426673,372072452687488627235
12,26379128,500465113,112,2857,817946248429,286094147093836135441
12,26379128,500465113,114,4449,1285314947735,451922757414883341465
12,26379128,500465113,116,1914,564161452482,199964099657939381970
12,26379128,500465113,118,1709,488853304475,170154775297762329917
12,26379128,500465113,120,3867,1109282925037,387230726844578184195
12,26379128,500465113,122,1209,350757242727,123376691663592214449
12,26379128,500465113,124,1235,357036396869,125750645549514182675
12,26379128,500465113,126,2285,674024364939,238613489807865946109
12,26379128,500465113,128,783,231481149837,82218108828791705199
12,26379128,500465113,130,1030,311878358536,111148683657728104318
12,26379128,500465113,132,1336,396872046848,141692511456904334680
12,26379128,500465113,134,574,171405253328,60845064396142074526
12,26379128,500465113,136,484,145216665298,51661806609796567924
12,26379128,500465113,138,989,295596859917,105146924006083139645
12,26379128,500465113,140,568,164921461472,58035734491671231088
12,26379128,500465113,142,368,109797996002,39224592552806373008
12,26379128,500465113,144,601,180426359061,63958279807076912929
12,26379128,500465113,146,246,74227284162,26348667249880826286
12,26379128,500465113,148,270,79521620046,28853227914947781006
12,26379128,500465113,150,542,167157590872,60102990858442731470
12,26379128,500465113,152,195,55263776025,18922728503470725699
12,26379128,500465113,154,200,61992375788,22539650164612398704
12,26379128,500465113,156,290,88677819844,31784417977004646050
12,26379128,500465113,158,113,35204769805,12767985191292075833
12,26379128,500465113,160,122,36591496916,13038239209439051690
12,26379128,500465113,162,155,48822240315,17715918591012318131
12,26379128,500465113,164,90,26906327778,9439824820352492586
12,26379128,500465113,166,62,19102772798,6613818411563681102
12,26379128,500465113,168,163,50093077293,17805838990114004731
12,26379128,500465113,170,66,19094833566,6716076081252676602
12,26379128,500465113,172,56,18898652330,7114075231330665968
12,26379128,500465113,174,88,29020711450,10678565570424267232
12,26379128,500465113,176,46,13057003376,4527181833234834142
12,26379128,500465113,178,35,9918339851,3594095643280710731
12,26379128,500465113,180,64,20943761948,7847542027075655416
12,26379128,500465113,182,26,7045188190,2208967988411910938
12,26379128,500465113,184,31,9688642285,3482131154784794311
12,26379128,500465113,186,33,11566565443,4413803046592148145
12,26379128,500465113,188,9,3026728395,1097241620640431625
12,26379128,500465113,190,21,7733419473,3064030027771443789
12,26379128,500465113,192,23,7275744391,2579595593912400623
12,26379128,500465113,194,8,2450214736,833936053070008760
12,26379128,500465113,196,14,4435256534,1560700459578642566
12,26379128,500465113,198,22,5797194620,1752673139255538598
12,26379128,500465113,200,4,1792471610,811738123087316572
12,26379128,500465113,202,9,3001210539,1156357378359904881
12,26379128,500465113,204,14,4479648736,1694058573195043574
12,26379128,500465113,206,7,2415615821,856896624263353495
12,26379128,500465113,208,6,1889144364,657984134560513014
12,26379128,500465113,210,15,4404840847,1555398326529428439
12,26379128,500465113,212,5,1628990923,563796436774439309
12,26379128,500465113,214,1,253878403,64454243509830409
12,26379128,500465113,216,4,1512887174,617978189744197156
12,26379128,500465113,218,3,1066249761,381104096319077043
12,26379128,500465113,220,3,911124369,378669528289155939
12,26379128,500465113,222,4,958121796,254450175453760012
12,26379128,500465113,224,1,409866323,167990402729540329
12,26379128,500465113,234,5,1851674007,750355527522997157
12,26379128,500465113,236,1,216668603,46945283525971609
12,26379128,500465113,240,1,391995431,153660417924875761
12,26379128,500465113,242,2,803793778,325356988564815842
12,26379128,500465113,248,2,660904402,256783654971046250
12,26379128,500465113,250,2,815141624,333066358548984770
12,26379128,500465113,282,1,436273009,190334138381914081
13,39622904,768813691,2,2704782,981034230946672,493950119497920388789742
13,39622904,768813691,4,2705674,981307339141438,494052547738432905074266
13,39622904,768813691,6,4801744,1749060405800420,881587592417401673640280
13,39622904,768813691,8,2120995,776291002842167,391933540939359312613819
13,39622904,768813691,10,2742045,1004588467590723,507253187460263783484165
13,39622904,768813691,12,3507795,1292136091773805,653405254762791988931259
13,39622904,768813691,14,1932139,713661775650635,361150267410873037365451
13,39622904,768813691,16,1444478,535877060556854,271515748784685163964054
13,39622904,768813691,18,2617566,974574782479068,494268645154356776599014
13,39622904,768813691,20,1420224,532908001984806,270878511390124296153432
13,39622904,768813691,22,1222493,457751492560445,232557827883269516572397
13,39622904,768813691,24,1838526,693161649854670,352939316009509876235238
13,39622904,768813691,26,867473,328573433175391,167550177205214431310753
13,39622904,768813691,28,944285,357947193207641,182570636998869645087437
13,39622904,768813691,30,1682151,642588591620959,328373004835304678820279
13,39622904,768813691,32,526674,202151034433824,103452537780595437153762
13,39622904,768813691,34,554130,212974470791340,109010319387091833128826
13,39622904,768813691,36,899717,347298923671757,178042817068662581570141
13,39622904,768813691,38,420475,163237294568291,83813419104688686097435
13,39622904,768813691,40,496484,193159256763386,99307311615943318523732
13,39622904,768813691,42,727905,284825043538531,146617575231371029645113
13,39622904,768813691,44,297099,116679725755377,60164143354468636733211
13,39622904,768813691,46,254626,100276501775692,51726794372435572913746
13,39622904,768813691,48,438125,173102946558907,89424076600163895386381
13,39622904,768813691,50,248196,98484669510252,50929723068965554611036
13,39622904,768813691,52,185833,73913321125033,38253101225649957943753
13,39622904,768813691,54,310149,123814202403517,64190827803002320942077
13,39622904,768813691,56,159392,63971934588976,33197616502831116173960
13,39622904,768813691,58,136849,54740670059287,28383114930067067844769
13,39622904,768813691,60,278761,112588516305151,58581493640027294414209
13,39622904,768813691,62,86343,35120769951927,18332788262783775969183
13,39622904,768813691,64,88982,36142031331800,18846819548222961834494
13,39622904,768813691,66,161859,66048472487495,34477986433640034609747
13,39622904,768813691,68,65782,26920999378028,14060389767673089805870
13,39622904,768813691,70,93354,38274868984524,20025859333810415246106
13,39622904,768813691,72,93635,38667694147519,20298838945675191074723
13,39622904,768813691,74,46322,19091932975198,10000567482067335808466
13,39622904,768813691,76,40456,16811065868194,8844143721557559600808
13,39622904,768813691,78,77924,32412171922128,17032557881029242509780
13,39622904,768813691,80,39391,16523924161601,8713344732167225284711
13,39622904,768813691,82,27981,11730916948017,6182058246919828841877
13,39622904,768813691,84,56955,23884523489127,12597282954265646487603
13,39622904,768813691,86,20252,8564248882546,4536109126759528973612
13,39622904,768813691,88,21175,9009069688801,4782776102568065751943
13,39622904,768813691,90,42270,17906365813028,9487660262351663777886
13,39622904,768813691,92,14021,5972356782775,3168962130352272958925
13,39622904,768813691,94,12806,5444092414352,2881568173249654051550
13,39622904,768813691,96,22447,9590491182141,5089541726383040245975
13,39622904,768813691,98,11725,5024719815005,2669181279936971777989
13,39622904,768813691,100,12177,5206455574443,2763110773821484237185
13,39622904,768813691,102,16157,7013669727293,3740094341327420140829
13,39622904,768813691,104,7433,3182088119257,1690049901484517265017
13,39622904,768813691,106,6235,2709013967593,1443028925283754618843
13,39622904,768813691,108,11088,4818687900670,2570310355367784107688
13,39622904,768813691,110,6429,2780768493795,1479707922186833543613
13,39622904,768813691,112,5144,2270423161796,1222830611232118501712
13,39622904,768813691,114,7709,3356574842625,1787033528221316639237
13,39622904,768813691,116,3328,1467865026188,786093435921619829344
13,39622904,768813691,118,3165,1420510587495,775221208316457991557
13,39622904,768813691,120,6813,2993157998139,1609450521942812732061
13,39622904,768813691,122,2133,936601914867,500273685166901073477
13,39622904,768813691,124,2201,971145864959,521820120829791834545
13,39622904,768813691,126,4162,1869742666280,1011075894192190572106
13,39622904,768813691,128,1428,644982716796,351252488695705305804
13,39622904,768813691,130,1940,895453651670,490803575276480438444
13,39622904,768813691,132,2443,1103390224089,599196335329842121483
13,39622904,768813691,134,1027,460982414561,248794931752519637635
13,39622904,768813691,136,879,398677908993,216551975974691031303
13,39622904,768813691,138,1804,816038414488,442410855487746384844
13,39622904,768813691,140,1069,482188040597,261887118457024393981
13,39622904,768813691,142,668,299215914266,160757209123162159700
13,39622904,768813691,144,1057,470893460175,251700249018384546265
13,39622904,768813691,146,462,211194609492,114601366617160534038
13,39622904,768813691,148,495,223524271161,122488873999202587743
13,39622904,768813691,150,1024,475307018930,259889187069977537992
13,39622904,768813691,152,357,158524355637,85684806854360323941
13,39622904,768813691,154,397,188066339911,104388339690167339341
13,39622904,768813691,156,546,253514396082,139433711786848079154
13,39622904,768813691,158,203,92774157133,50175030180700346099
13,39622904,768813691,160,254,119858720828,66487954650805395350
13,39622904,768813691,162,356,178201886880,102257903958303685196
13,39622904,768813691,164,175,81373169129,44861336990389318207
13,39622904,768813691,166,125,59851277435,33331430260577644133
13,39622904,768813691,168,288,129905353144,69482668932659996376
13,39622904,768813691,170,132,61411658478,34153101898736713884
13,39622904,768813691,172,98,45889880882,24697525509309459530
13,39622904,768813691,174,176,86279998114,48424512201787285088
13,39622904,768813691,176,89,40382383849,22102139808775903433
13,39622904,768813691,178,73,33897636157,18971462611237875793
13,39622904,768813691,180,123,59274846733,33163047272442417483
13,39622904,768813691,182,54,24930147108,13812575322037446102
13,39622904,768813691,184,62,29776116848,16622930093390334038
13,39622904,768813691,186,66,32288833392,17580926095310469162
13,39622904,768813691,188,16,7753929230,4320940234167213928
13,39622904,768813691,190,39,18903755331,10139104708315752759
13,39622904,768813691,192,49,24490002827,14115262225499947945
13,39622904,768813691,194,18,9148647258,5376534668771352426
13,39622904,768813691,196,28,13296402838,7264225153000352908
13,39622904,768813691,198,45,20020867533,10677133860039733437
13,39622904,768813691,200,14,8422663534,5272905426459926390
13,39622904,768813691,202,18,8422885050,4467841434238077066
13,39622904,768813691,204,27,12544390807,6774427089811959819
13,39622904,768813691,206,9,3742556409,1739328161159831265
13,39622904,768813691,208,11,5177062055,2848042901470112147
13,39622904,768813691,210,32,15321903208,8665997524072225832
13,39622904,768813691,212,9,4219402455,2266307782883422569
13,39622904,768813691,214,8,4822892630,3061622833846435880
13,39622904,768813691,216,9,4855075527,2888201004141330441
13,39622904,768813691,218,5,2220871135,1052863800506587733
13,39622904,768813691,220,7,3310570201,1840554314721769591
13,39622904,768813691,222,8,3522215840,1923982558131266504
13,39622904,768813691,224,3,1720156047,1026451506448156467
13,39622904,768813691,226,5,2950266809,1763520465826557629
13,39622904,768813691,230,1,607010093,368461253003868649
13,39622904,768813691,232,1,525436489,276083503972647121
13,39622904,768813691,234,9,4788757935,2908310501900350305
13,39622904,768813691,236,3,1484093097,859646685561354627
13,39622904,768813691,238,1,673919143,454167011301854449
13,39622904,768813691,240,3,1752367565,1083340946363929539
13,39622904,768813691,242,3,1394644425,674461475625134451
13,39622904,768813691,244,1,693103639,480392654395042321
13,39622904,768813691,246,2,1242846724,781120411403271290
13,39622904,768813691,248,3,1183528533,529919637274551411
13,39622904,768813691,250,4,2040412078,1102178723921996020
13,39622904,768813691,252,1,630045137,396956874657348769
13,39622904,768813691,276,1,649580171,421954398556389241
13,39622904,768813691,282,1,436273009,190334138381914081
14,59515785,1180371793,2,3974448,2216659073035078,1714369510376950446224552
14,59515785,1180371793,4,3973999,2215471951688419,1712902299685509408425719
14,59515785,1180371793,6,7074415,3960824059304487,3066184210648682245112167
14,59515785,1180371793,8,3133823,1761924540925861,1365395504126468522249519
14,59515785,1180371793,10,4055222,2282947101954320,1770269188576314920081462
14,59515785,1180371793,12,5207841,2947276405535121,2288828627320719239071785
14,59515785,1180371793,14,2874772,1631514665030450,1268195511007139867854396
14,59515785,1180371793,16,2155988,1228800464802614,956375953153293910765988
14,59515785,1180371793,18,3916424,2239337744900942,1744161803422556319009272
14,59515785,1180371793,20,2136116,1230075499636222,959920012438352202314756
14,59515785,1180371793,22,1836397,1055441710796743,823137620975751033955333
14,59515785,1180371793,24,2775823,1605943542971885,1255077432812677635262687
14,59515785,1180371793,26,1314790,764296603625330,598294892274935617149574
14,59515785,1180371793,28,1432431,833410352000277,652561688917448067471111
14,59515785,1180371793,30,2563897,1501771946740107,1178007153893875582080673
14,59515785,1180371793,32,806520,474846806779536,373133722436835127917552
14,59515785,1180371793,34,848400,499755551669448,392639774403216390921960
14,59515785,1180371793,36,1382851,818075273163705,643614092726923902231139
14,59515785,1180371793,38,648721,385668049733705,303801987049144724985529
14,59515785,1180371793,40,767256,457036871657826,360288359433952040064672
14,59515785,1180371793,42,1131882,678702899821538,536344045255039397538162
14,59515785,1180371793,44,462541,278003713293833,219807593556362000392693
14,59515785,1180371793,46,397851,239937875921625,189934334609914887121563
14,59515785,1180371793,48,686677,415457233240951,329244402500752533027013
14,59515785,1180371793,50,390234,236870949204756,187762476903670903267266
14,59515785,1180371793,52,292949,178363719771005,141620948387325848103125
14,59515785,1180371793,54,489767,298935155297909,237461008910235385271999
14,59515785,1180371793,56,253066,155396857895114,123747066899803256897506
14,59515785,1180371793,58,217531,133414904697061,106239162697395752485627
14,59515785,1180371793,60,445659,275456589728781,219870008377929394456803
14,59515785,1180371793,62,138595,86105027625431,68820862693466653510243
14,59515785,1180371793,64,142647,88481488147569,70651024634051047778151
14,59515785,1180371793,66,260215,162019146875809,129509098092616223606287
14,59515785,1180371793,68,106506,66683072977698,53461533267962035471362
14,59515785,1180371793,70,151476,95043961859826,76288836152202313518756
14,59515785,1180371793,72,152838,96438379067972,77508915769289261981646
14,59515785,1180371793,74,75642,47743505400120,38411059406283307023282
14,59515785,1180371793,76,66752,42467603267630,34252615717848459403376
14,59515785,1180371793,78,127321,80658677152055,64850230886995102385713
14,59515785,1180371793,80,65177,41747159121601,33752201739908608249697
14,59515785,1180371793,82,46032,29365666466574,23662250506546256652120
14,59515785,1180371793,84,95093,61131874370961,49513183587405804386813
14,59515785,1180371793,86,33907,21899095552055,17751701835600480315163
14,59515785,1180371793,88,35192,22708787586476,18366135640270842162104
14,59515785,1180371793,90,70903,45891041935981,37239610110369578126023
14,59515785,1180371793,92,23740,15497412821006,12640172762945396360692
14,59515785,1180371793,94,21553,13989213176215,11352667950027310592233
14,59515785,1180371793,96,38014,24799403124448,20167896189112489511590
14,59515785,1180371793,98,19938,13082292534504,10688568289872070718322
14,59515785,1180371793,100,20821,13661198080999,11155075367695612063453
14,59515785,1180371793,102,27519,18133398181783,14783922152897875475583
14,59515785,1180371793,104,12640,8273623414250,6741476639012430089272
14,59515785,1180371793,106,10826,7211430833780,5923630043209619679218
14,59515785,1180371793,108,18959,12506654667991,10191006923427075139871
14,59515785,1180371793,110,11150,7388845166818,6043748877827229999734
14,59515785,1180371793,112,8840,5898944062736,4836307015090944712040
14,59515785,1180371793,114,13560,9097267078808,7502070274119329575848
14,59515785,1180371793,116,5791,3866706415847,3156861677393263367143
14,59515785,1180371793,118,5590,3795976013182,3136239907418888154526
14,59515785,1180371793,120,11933,8002670035753,6582801248843998835357
14,59515785,1180371793,122,3680,2454567393106,2011981518853159401512
14,59515785,1180371793,124,3846,2573050193898,2104546045053123601758
14,59515785,1180371793,126,7229,4868986926945,3986356406949744339221
14,59515785,1180371793,128,2570,1764682836862,1465576668675137542586
14,59515785,1180371793,130,3519,2438404273131,2021690547657288526287
14,59515785,1180371793,132,4386,3004094843060,2485908777972844224642
14,59515785,1180371793,134,1868,1286401549210,1070610461970578863748
14,59515785,1180371793,136,1647,1152496781643,967351153610351150079
14,59515785,1180371793,138,3251,2237234565101,1858194913374533259923
14,59515785,1180371793,140,1888,1282436727884,1055350843790445085144
14,59515785,1180371793,142,1203,826843998357,688208708367663261339
14,59515785,1180371793,144,1950,1341845085014,1113875121802390655694
14,59515785,1180371793,146,836,575654069128,474797285138246617748
14,59515785,1180371793,148,935,656117043281,554284401977041109135
14,59515785,1180371793,150,1920,1358445165752,1142988269349089346528
14,59515785,1180371793,152,607,400562733785,323474703026297540431
14,59515785,1180371793,154,743,526809700847,440772797867490817559
14,59515785,1180371793,156,999,692928650555,572157869947314094455
14,59515785,1180371793,158,403,289108341227,245496169630357650259
14,59515785,1180371793,160,460,322919757928,269494262231651182252
14,59515785,1180371793,162,674,488860687250,410200171778180445314
14,59515785,1180371793,164,316,219904120040,183074037166947104548
14,59515785,1180371793,166,242,177049948316,152397499703669917202
14,59515785,1180371793,168,590,427875676686,367668620618437522094
14,59515785,1180371793,170,269,196524905743,169259520913545030389
14,59515785,1180371793,172,210,155765240376,134040975603393006450
14,59515785,1180371793,174,325,232636879897,194296108588962444445
14,59515785,1180371793,176,162,112223254092,93868067441325306282
14,59515785,1180371793,178,136,95893432726,80865430060320358648
14,59515785,1180371793,180,264,197511942026,170768537417543853240
14,59515785,1180371793,182,102,72281735736,61237638183638476902
14,59515785,1180371793,184,110,76646163974,62924810446188697238
14,59515785,1180371793,186,140,106068672012,92153874119469860972
14,59515785,1180371793,188,57,49164504075,46706885383892557569
14,59515785,1180371793,190,80,58403352470,48695249944722022328
14,59515785,1180371793,192,99,73747905523,63263229577344876579
14,59515785,1180371793,194,46,36880139696,33111552446709698950
14,59515785,1180371793,196,50,35143437374,29208377247430863026
14,59515785,1180371793,198,93,66832667451,56882480904040160853
14,59515785,1180371793,200,42,35712022824,32269746919446654402
14,59515785,1180371793,202,30,20503188804,16770222046788291030
14,59515785,1180371793,204,57,42009276907,35999586148477844961
14,59515785,1180371793,206,23,17966402701,16372098301267693799
14,59515785,1180371793,208,26,20193217286,17951110478800644098
14,59515785,1180371793,210,63,45893725547,39188682610083525519
14,59515785,1180371793,212,14,9206515348,7303935442780599398
14,59515785,1180371793,214,16,12796767658,11096809033455519016
14,59515785,1180371793,216,22,17564646302,15466437980267070934
14,59515785,1180371793,218,11,8499988417,7670568720908813507
14,59515785,1180371793,220,16,12260883982,10854122921165166328
14,59515785,1180371793,222,14,9321781914,7589458709442563678
14,59515785,1180371793,224,7,5409576083,4456488766168541815
14,59515785,1180371793,226,9,7156979259,6222047308960388817
14,59515785,1180371793,228,6,6045930506,6166142140285294470
14,59515785,1180371793,230,7,6776069153,6793641956092019599
14,59515785,1180371793,232,1,525436489,276083503972647121
14,59515785,1180371793,234,15,10365235511,8145868928019980631
14,59515785,1180371793,236,5,3209316847,2357079197847830045
14,59515785,1180371793,238,1,673919143,454167011301854449
14,59515785,1180371793,240,6,4862377206,4332274689884725302
14,59515785,1180371793,242,5,3517272751,2946045105161931461
14,59515785,1180371793,244,3,2531709465,2204007367940917659
14,59515785,1180371793,246,5,3976639529,3294406882962637541
14,59515785,1180371793,248,5,3288411481,2771332872223348013
14,59515785,1180371793,250,4,2040412078,1102178723921996020
14,59515785,1180371793,252,2,1675177318,1489258150419165530
14,59515785,1180371793,260,1,944192807,891500056790539249
14,59515785,1180371793,276,1,649580171,421954398556389241
14,59515785,1180371793,282,1,436273009,190334138381914081
15,100000000,2038074743,2,6497407,6267868143394323,8374330209625208113360311
15,100000000,2038074743,4,6496371,6265170332171469,8369417850225139614291363
15,100000000,2038074743,6,11604547,11235044624754159,15024692808770997254697283
15,100000000,2038074743,8,5157442,5012237711621114,6710117316316268656240954
15,100000000,2038074743,10,6682808,6502994404418558,8709268654042891736612168
15,100000000,2038074743,12,8621685,8431204948675709,11307418613216568637104069
15,100000000,2038074743,14,4773494,4681544626114288,6284135027288264388855158
15,100000000,2038074743,16,3589872,3532692059423106,4746053919045098564053800
15,100000000,2038074743,18,6542675,6459767284298373,8687619979902417168161123
15,100000000,2038074743,20,3592562,3570690636971524,4810747406038001253459434
15,100000000,2038074743,22,3084694,3061458815306044,4123348849503764818582222
15,100000000,2038074743,24,4684944,4675013181474448,6305942173084629670805952
15,100000000,2038074743,26,2231057,2237483530354909,3023132853404395178508113
15,100000000,2038074743,28,2430895,2438991218965525,3295582344885805130795959
15,100000000,2038074743,30,4379023,4420698533017309,5983309082485004407749343
15,100000000,2038074743,32,1385395,1405894528697759,1906080050230200345699715
15,100000000,2038074743,34,1457300,1479086167857782,2005165981657126285577108
15,100000000,2038074743,36,2385979,2432359199547973,3302821403405104122820795
15,100000000,2038074743,38,1124840,1151891057848840,1566089235786271667585456
15,100000000,2038074743,40,1333585,1368733463237515,1862669407702980576764401
15,100000000,2038074743,42,1978625,2042137269108899,2783681101057221241003481
15,100000000,2038074743,44,811823,840335675948911,1146599646848638437218231
15,100000000,2038074743,46,700860,727898220851124,994310074696518751682388
15,100000000,2038074743,48,1214083,1264993223426893,1729975022293110801854443
15,100000000,2038074743,50,691911,722644240909005,988430143719557225830815
15,100000000,2038074743,52,521439,546616888405179,749098093451947905881895
15,100000000,2038074743,54,873712,917263395099714,1256742378578104260920968
15,100000000,2038074743,56,453621,478636483861671,657036330646839049396749
15,100000000,2038074743,58,390942,412683326707140,566615439697328488863198
15,100000000,2038074743,60,805638,855667101612560,1177162964433919570960974
15,100000000,2038074743,62,252739,270047654496179,372200305792718063873755
15,100000000,2038074743,64,259206,276395592794880,380738256253161752543454
15,100000000,2038074743,66,476576,510720528318108,704712847505705027363816
15,100000000,2038074743,68,195346,210032627389862,290194513187393633552170
15,100000000,2038074743,70,278610,300036862473966,414584036636253856258242
15,100000000,2038074743,72,283317,306845825071133,424798041804294873957909
15,100000000,2038074743,74,140509,152233992175883,210699109145142230980309
15,100000000,2038074743,76,125176,136737989990590,189948821034955860164344
15,100000000,2038074743,78,238428,260092369179616,361482135883037398410444
15,100000000,2038074743,80,122344,134025869883884,186211544077685929129048
15,100000000,2038074743,82,86837,95232584542631,132470216078118371014181
15,100000000,2038074743,84,180156,198441665522084,276369270869017827660276
15,100000000,2038074743,86,64538,71372289161338,99519750303865728231506
15,100000000,2038074743,88,67073,74161298124779,103356938195425722681041
15,100000000,2038074743,90,136082,151329501028278,211768074459711264260138
15,100000000,2038074743,92,45766,51118901601308,71600133686995084659742
15,100000000,2038074743,94,41690,46536272360732,65192210676994733664194
15,100000000,2038074743,96,73518,82302120167274,115470196563972962445894
15,100000000,2038074743,98,38810,43616412099358,61223733952334791968674
15,100000000,2038074743,100,40471,45452736837379,63797107968236641222543
15,100000000,2038074743,102,54022,61018404614466,85827272167610527143454
15,100000000,2038074743,104,24793,27914099039681,39234127819680241827913
15,100000000,2038074743,106,21469,24391533030301,34303411853699871777397
15,100000000,2038074743,108,37344,42263449962246,59471875536949342393992
15,100000000,2038074743,110,22450,25658485978784,36281616287060097827122
15,100000000,2038074743,112,17722,20295955812976,28706861786021430368314
15,100000000,2038074743,114,27083,31005768375055,43824419691587355991283
15,100000000,2038074743,116,11654,13399667871658,19016551527541384660214
15,100000000,2038074743,118,11132,12768048587432,17999231403855000993548
15,100000000,2038074743,120,24083,27671779433407,39167209043299806847955
15,100000000,2038074743,122,7571,8755811382439,12454623687626268403163
15,100000000,2038074743,124,7734,8880546901626,12579117166940197180182
15,100000000,2038074743,126,14806,17146071829480,24344013456035101336678
15,100000000,2038074743,128,5327,6247396867267,8925921428637881486447
15,100000000,2038074743,130,7283,8535994475069,12122032359158615076851
15,100000000,2038074743,132,9212,10812107370702,15414312491223439962620
15,100000000,2038074743,134,3978,4700057398614,6722968030204695956154
15,100000000,2038074743,136,3471,4109084938719,5873596838948845420455
15,100000000,2038074743,138,6734,7887210821004,11229934027337080666694
15,100000000,2038074743,140,4051,4802245076609,6910682690128481755795
15,100000000,2038074743,142,2456,2860251579308,4063568947846432257632
15,100000000,2038074743,144,4219,5021384940881,7219018888939026128707
15,100000000,2038074743,146,1828,2178076867868,3124004251117474184332
15,100000000,2038074743,148,2006,2393284678268,3433715841177428801150
15,100000000,2038074743,150,4110,4907151709844,7024208793249212136966
15,100000000,2038074743,152,1322,1567489351042,2271967150562468025578
15,100000000,2038074743,154,1605,1931075355375,2779319897703273967989
15,100000000,2038074743,156,2213,2671311412167,3869801162668761784973
15,100000000,2038074743,158,905,1103633143873,1595897869556355255233
15,100000000,2038074743,160,1041,1266717768693,1837294612202874931593
15,100000000,2038074743,162,1455,1758814141055,2524905543465833981343
15,100000000,2038074743,164,676,807560698934,1163376721858032446404
15,100000000,2038074743,166,573,719725166019,1063441467915341720421
15,100000000,2038074743,168,1310,1596673690306,2311009119715818529526
15,100000000,2038074743,170,622,768395504348,1116695697727819448710
15,100000000,2038074743,172,439,529083123001,756848197486833002215
15,100000000,2038074743,174,750,910442027078,1301024973660113184390
15,100000000,2038074743,176,343,408013379633,587903889664615601695
15,100000000,2038074743,178,303,372639256065,549232279677658426287
15,100000000,2038074743,180,654,836495772298,1240523373370858643958
15,100000000,2038074743,182,245,306088964035,452501075017734628637
15,100000000,2038074743,184,239,280473605363,392674708874150777159
15,100000000,2038074743,186,355,456647085301,676949292215614025731
15,100000000,2038074743,188,128,165375010342,241572126428189106152
15,100000000,2038074743,190,209,269958654119,403040452145591646785
15,100000000,2038074743,192,228,286622802212,421531823956695665532
15,100000000,2038074743,194,111,137615945439,192771656915211377631
15,100000000,2038074743,196,114,140587408740,206771826221192016306
15,100000000,2038074743,198,224,278207773070,406883200027969669736
15,100000000,2038074743,200,98,129331702990,192895441618327408466
15,100000000,2038074743,202,72,87564627288,126434323313166054024
15,100000000,2038074743,204,131,160604984073,230619364445198833715
15,100000000,2038074743,206,46,54882119588,77417329888007516662
15,100000000,2038074743,208,57,67856693169,93096888148706990457
15,100000000,2038074743,210,148,186959045568,277872988444017411532
15,100000000,2038074743,212,35,43948071499,65471719329796087019
15,100000000,2038074743,214,40,51388810906,74868965573347291864
15,100000000,2038074743,216,52,67724555342,100711458567825484852
15,100000000,2038074743,218,21,24312438375,33065080450484625885
15,100000000,2038074743,220,38,50806435964,79201787907761538110
15,100000000,2038074743,222,31,36409188257,51695496258662672047
15,100000000,2038074743,224,18,22761264318,32595600901536740994
15,100000000,2038074743,226,15,16520299509,21074205237727384287
15,100000000,2038074743,228,21,28661125231,40604437587762450933
15,100000000,2038074743,230,20,29437119466,47072552856014729972
15,100000000,2038074743,232,4,5407182958,8440192789596844924
15,100000000,2038074743,234,24,24367869022,30548012788562046816
15,100000000,2038074743,236,10,11170044440,15249015062014706290
15,100000000,2038074743,238,8,11505247364,17507599887494460416
15,100000000,2038074743,240,15,19989720093,30128082168462284247
15,100000000,2038074743,242,8,8264322640,10632732039875206952
15,100000000,2038074743,244,5,5352615107,6189776505478095509
15,100000000,2038074743,246,7,7484356259,9561794250176422399
15,100000000,2038074743,248,6,5286735294,6764630933826206982
15,100000000,2038074743,250,8,8431490636,11483902138097563208
15,100000000,2038074743,252,8,11848107316,18921664649550537224
15,100000000,2038074743,254,3,4282267965,6205335508590805659
15,100000000,2038074743,256,1,1872851947,3507574415381690809
15,100000000,2038074743,258,2,2978043616,4493999319483688178
15,100000000,2038074743,260,4,5963688278,9456546481981632628
15,100000000,2038074743,262,2,3666487016,6789212613961030370
15,100000000,2038074743,266,1,1438779821,2070087373316792041
15,100000000,2038074743,268,1,1579306789,2494209933781490521
15,100000000,2038074743,270,2,2876127014,4140474207288301298
15,100000000,2038074743,272,1,1851255191,3427145782204446481
15,100000000,2038074743,274,1,1282463269,1644712036334166361
15,100000000,2038074743,276,1,649580171,421954398556389241
15,100000000,2038074743,280,2,3852238412,7429972862036528570
15,100000000,2038074743,282,3,3694002739,5526528253100430723
15,100000000,2038074743,284,2,3500452882,6140376466772173610
15,100000000,2038074743,288,2,2986595340,4539101090641685882
15,100000000,2038074743,290,1,1948819133,3797896013146871689
15,100000000,2038074743,292,1,1453168141,2111697646017395881
16,134277704,2778410251,2,8592325,11309356496481417,20602530119838210069396357
16,134277704,2778410251,4,8593672,11312533457009482,20612171043764787710473096
16,134277704,2778410251,6,15375819,20311059077811483,37039409808173750293252467
16,134277704,2778410251,8,6848145,9081027768842571,16579146683450912604345489
16,134277704,2778410251,10,8872540,11773345102305730,21494306800696952892565780
16,134277704,2778410251,12,11479206,15308455477007460,27989536566624528712005030
16,134277704,2778410251,14,6364456,8510767975446110,15573221812210941369137560
16,134277704,2778410251,16,4794784,6432888043791610,11781785642513239015469944
16,134277704,2778410251,18,8755960,11787479454940856,21613376861453464194823792
16,134277704,2778410251,20,4823675,6534261770674801,12001046356628472201547043
16,134277704,2778410251,22,4139336,5599883554698422,10281280411897671349424504
16,134277704,2778410251,24,6304162,8573286427113922,15765071815010311409444746
16,134277704,2778410251,26,3010136,4113151068166642,7574456911107949802559344
16,134277704,2778410251,28,3279541,4482285834661081,8254048908331115455503421
16,134277704,2778410251,30,5931428,8158329999845490,15053049648723428796656636
16,134277704,2778410251,32,1881373,2600360712170417,4805369615652752217022165
16,134277704,2778410251,34,1980216,2738324733121146,5061409576458790528167576
16,134277704,2778410251,36,3250675,4514608500044727,8356559382275001709902571
16,134277704,2778410251,38,1534561,2138502466597397,3960583855933676665159585
16,134277704,2778410251,40,1822099,2545014260111983,4717269834828693304095379
16,134277704,2778410251,42,2713426,3811993811174154,7080071592934702517205154
16,134277704,2778410251,44,1115164,1571000899589924,2920414038907786464171796
16,134277704,2778410251,46,965080,1364276459438236,2539131265836905776950304
16,134277704,2778410251,48,1673513,2371558223749977,4416222988365583893532769
16,134277704,2778410251,50,956049,1358943173530815,2533309341885876689867553
16,134277704,2778410251,52,721914,1029445508368746,1921127810156765334146154
16,134277704,2778410251,54,1212167,1732478856385569,3235766925353902442543351
16,134277704,2778410251,56,630194,904005440528680,1689834103326484545264842
16,134277704,2778410251,58,543883,781109631505843,1461106886152845360700891
16,134277704,2778410251,60,1125298,1626015171368956,3048211131627948203835754
16,134277704,2778410251,62,354946,516501460646654,971138880716452800442402
16,134277704,2778410251,64,362910,526303227383628,987690051820007121538134
16,134277704,2778410251,66,669994,976691719911414,1836133914989033381883154
16,134277704,2778410251,68,274882,401710389245306,755761311696035703873130
16,134277704,2778410251,70,392666,574976631603458,1082555072526231552196466
16,134277704,2778410251,72,400492,589362222884604,1111310184952874543511508
16,134277704,2778410251,74,198857,292836603584677,552199939754289535641257
16,134277704,2778410251,76,177578,263020024623632,496661833368133269947786
16,134277704,2778410251,78,339248,503039879639426,951523690977954699498320
16,134277704,2778410251,80,174657,260075744355207,492314048041916305168713
16,134277704,2778410251,82,124021,184836259422889,350104018430905057659901
16,134277704,2778410251,84,258427,387093997277501,734636237581944266034331
16,134277704,2778410251,86,93065,140203625173609,266894280752392066461305
16,134277704,2778410251,88,96353,144809532484013,275157308721320980963961
16,134277704,2778410251,90,195942,295648101022108,562432388171533577315478
16,134277704,2778410251,92,66028,100036251608288,190628955321206002730500
16,134277704,2778410251,94,60257,91296976502081,173947184324267435729993
16,134277704,2778410251,96,106990,162997259027138,311545055049829624590742
16,134277704,2778410251,98,56365,85962922586783,164177792054180917242133
16,134277704,2778410251,100,58948,90074397673540,172404207615894218591764
16,134277704,2778410251,102,78308,119562667816806,228058630586921833209788
16,134277704,2778410251,104,35864,54580029185854,103959444152131286244704
16,134277704,2778410251,106,31711,49038408546811,94082153877574162900471
16,134277704,2778410251,108,54876,84559089940982,162312449449948518581340
16,134277704,2778410251,110,33106,51390736629452,98903639393012805774586
16,134277704,2778410251,112,26216,40792077870800,78552724767990090386168
16,134277704,2778410251,114,40019,62229826412145,119776440396741839245547
16,134277704,2778410251,116,17100,26551131468642,51025918772351313151164
16,134277704,2778410251,118,16631,26045109332723,50305219356086027092175
16,134277704,2778410251,120,35925,56248793352277,108669073992452701182309
16,134277704,2778410251,122,11394,17983832168454,34901178378462464859042
16,134277704,2778410251,124,11548,18090450944542,34995382714579819420828
16,134277704,2778410251,126,22131,34806660213089,67262356083007588144395
16,134277704,2778410251,128,7958,12606996927700,24415758645841893566174
16,134277704,2778410251,130,10944,17389649653020,33697197738279840110112
16,134277704,2778410251,132,13918,22176846497192,43070936543821711315150
16,134277704,2778410251,134,5981,9544937668843,18531471052258943894357
16,134277704,2778410251,136,5395,8770422827587,17255448330465799675075
16,134277704,2778410251,138,10055,15919025240905,30807775547475688900391
16,134277704,2778410251,140,6229,10055727671999,19682140524779963273317
16,134277704,2778410251,142,3788,6065970330896,11838008572875381393476
16,134277704,2778410251,144,6447,10399592330995,20305401160129550545839
16,134277704,2778410251,146,2805,4541032244601,8884195768153707585645
16,134277704,2778410251,148,3045,4902815862681,9541652177298038722821
16,134277704,2778410251,150,6241,10064414179685,19603580149820398053265
16,134277704,2778410251,152,2022,3255739159248,6376547311055016892014
16,134277704,2778410251,154,2461,4008122679157,7857765356088482279893
16,134277704,2778410251,156,3419,5583460143191,10957016990563680730787
16,134277704,2778410251,158,1407,2315892602223,4545741833884598557623
16,134277704,2778410251,160,1664,2769385496300,5490939875364346558976
16,134277704,2778410251,162,2214,3591172166076,6981848190123136040358
16,134277704,2778410251,164,1067,1755498328981,3478124075979914014427
16,134277704,2778410251,166,932,1587377983484,3176508207022197484148
16,134277704,2778410251,168,2037,3354624322837,6595436743750284411549
16,134277704,2778410251,170,942,1536965803212,2977645002821115472134
16,134277704,2778410251,172,664,1078772879302,2109719636748691011232
16,134277704,2778410251,174,1157,1888266327321,3667658312476458882557
16,134277704,2778410251,176,571,958069603397,1925262203223532245715
16,134277704,2778410251,178,497,842611325123,1697050800419225793041
16,134277704,2778410251,180,1068,1834152708680,3663961321278686619204
16,134277704,2778410251,182,400,680628581624,1364023423770968336176
16,134277704,2778410251,184,355,561047170057,1077027924273909339763
16,134277704,2778410251,186,553,938931268503,1861246158387236903545
16,134277704,2778410251,188,206,352078225642,691548096163061399174
16,134277704,2778410251,190,341,590460237875,1187655886857199463789
16,134277704,2778410251,192,371,632933265389,1266650327020928396747
16,134277704,2778410251,194,185,319598796277,644042454254988188393
16,134277704,2778410251,196,180,301159399212,600261528832601652612
16,134277704,2778410251,198,341,561188458887,1096653754160992481525
16,134277704,2778410251,200,160,280400341622,564246551064101792032
16,134277704,2778410251,202,103,161760558415,305527713772097909911
16,134277704,2778410251,204,203,334626114431,654732907294083610907
16,134277704,2778410251,206,79,134747777561,272187061652221696279
16,134277704,2778410251,208,97,165343375831,332223031398287848753
16,134277704,2778410251,210,221,364131024325,710680188064116278789
16,134277704,2778410251,212,68,125298195640,267252842094790393916
16,134277704,2778410251,214,62,104107897022,202111622249268618902
16,134277704,2778410251,216,91,160888341231,325349407792547917819
16,134277704,2778410251,218,39,66086524287,130869332811840805431
16,134277704,2778410251,220,55,93529762933,187281405320708367943
16,134277704,2778410251,222,55,95430547987,198029835739102933471
16,134277704,2778410251,224,28,48001985576,96736589255841240052
16,134277704,2778410251,226,30,53777069886,114288866003491480182
16,134277704,2778410251,228,40,74870275168,154093143987905096416
16,134277704,2778410251,230,34,64976916500,137590435970119131682
16,134277704,2778410251,232,9,16728446049,34276042046108142273
16,134277704,2778410251,234,40,63183007800,125678560667329808344
16,134277704,2778410251,236,15,23616036411,46368648125005967487
16,134277704,2778410251,238,19,38658208279,84860333783866001491
16,134277704,2778410251,240,25,44415028409,89870066490281430529
16,134277704,2778410251,242,11,15700849609,29238465172420531115
16,134277704,2778410251,244,9,15386929995,31377628599656417097
16,134277704,2778410251,246,11,17122406891,33124256740346029979
16,134277704,2778410251,248,9,12939362721,26329915582628580225
16,134277704,2778410251,250,12,17314166634,31262851865412924876
16,134277704,2778410251,252,12,21369937220,41802881190765864756
16,134277704,2778410251,254,5,9086358169,17837063657984946917
16,134277704,2778410251,256,3,6629263947,14819817539212642347
16,134277704,2778410251,258,5,9775887065,19906465987731460301
16,134277704,2778410251,260,5,8567415247,16235940611079559589
16,134277704,2778410251,262,4,8540684188,18682040875082639212
16,134277704,2778410251,264,2,5007813500,12581744484704943098
16,134277704,2778410251,266,4,8545255430,19064054658140012812
16,134277704,2778410251,268,1,1579306789,2494209933781490521
16,134277704,2778410251,270,3,5174153817,9421401394594702107
16,134277704,2778410251,272,1,1851255191,3427145782204446481
16,134277704,2778410251,274,1,1282463269,1644712036334166361
16,134277704,2778410251,276,1,649580171,421954398556389241
16,134277704,2778410251,280,3,6189921003,12894732758301001851
16,134277704,2778410251,282,3,3694002739,5526528253100430723
16,134277704,2778410251,284,3,5768008521,11282185042732871931
16,134277704,2778410251,288,3,5703415891,11920214996977629483
16,134277704,2778410251,290,4,9278634290,21878293825758105508
16,134277704,2778410251,292,1,1453168141,2111697646017395881
16,134277704,2778410251,304,1,2433630109,5922555507431351881
16,134277704,2778410251,320,1,2300942549,5294336613798617401
17,201692513,4259763509,2,12644918,25550825399895116,71391424054774384102732870
17,201692513,4259763509,4,12645598,25550851434805348,71386511914410773131625230
17,201692513,4259763509,6,22681560,45989190375486050,128628960805839932158897032
17,201692513,4259763509,8,10127945,20609502748764505,57701649392023699303495049
17,201692513,4259763509,10,13127951,26729931315072587,74841462861272827272491471
17,201692513,4259763509,12,17048063,34884901251403681,97826040643041591707559743
17,201692513,4259763509,14,9464833,19409385812343011,54451372524732961996239361
17,201692513,4259763509,16,7147817,14705327636480327,41295288487409095853307161
17,201692513,4259763509,18,13084412,27006463920209676,75915060923838200137424948
17,201692513,4259763509,20,7240500,15032686890266154,42327009447369039335558052
17,201692513,4259763509,22,6208269,12874604820652119,36238440658991713004164941
17,201692513,4259763509,24,9491612,19783216814674826,55772150026992010584756236
17,201692513,4259763509,26,4545258,9511800620081538,26840497414101881244061434
17,201692513,4259763509,28,4955316,10376141254795524,29290051626291340852048236
17,201692513,4259763509,30,9005338,18972358410555520,53658956111216977671490690
17,201692513,4259763509,32,2869296,6076013406966480,17213673353689172305312800
17,201692513,4259763509,34,3019969,6396924032360953,18124950404382875063307121
17,201692513,4259763509,36,4973074,10575759112447742,30000786048563721262819930
17,201692513,4259763509,38,2353654,5020860846591878,14253594415900077042005182
17,201692513,4259763509,40,2799212,5983934420597498,16999226127771116434859108
17,201692513,4259763509,42,4187701,9001249712177779,25615390226288242339667821
17,201692513,4259763509,44,1725851,3720238644891445,10596146739094958421735443
17,201692513,4259763509,46,1497166,3236986889858992,9227506277855000903441086
17,201692513,4259763509,48,2602184,5640571647582108,16093307692605848745274352
17,201692513,4259763509,50,1492059,3245554965330741,9271825450218150963522651
17,201692513,4259763509,52,1130371,2467497667333351,7058707337552510326822435
17,201692513,4259763509,54,1899507,4152696379767647,11883224461825290801775899
17,201692513,4259763509,56,990531,2173009223291229,6224647045481010525545091
17,201692513,4259763509,58,854732,1875566944162202,5371414676106694515403892
17,201692513,4259763509,60,1779244,3929240040608268,11279956313810157402299308
17,201692513,4259763509,62,564078,1253118222706542,3603818090265304532411910
17,201692513,4259763509,64,575708,1276142506491578,3668817293946947766523532
17,201692513,4259763509,66,1066860,2374721479445024,6833453168712731745679740
17,201692513,4259763509,68,439072,980270562939146,2824536756023197217443768
17,201692513,4259763509,70,629666,1410310691363852,4070079547005685528214306
17,201692513,4259763509,72,645145,1451280518480893,4192541702224697859264001
17,201692513,4259763509,74,319865,719458964384035,2078449623582306021778361
17,201692513,4259763509,76,286373,646565992481891,1868663950917365728203653
17,201692513,4259763509,78,549556,1243967820114540,3600314361361642613024068
17,201692513,4259763509,80,284505,647478829417203,1878593544896626296021153
17,201692513,4259763509,82,202064,460013037362714,1334621477993903715009608
17,201692513,4259763509,84,421928,963471982487834,2796466194671429968273424
17,201692513,4259763509,86,152608,350184926309852,1018301912884174209881104
17,201692513,4259763509,88,158601,364293429509091,1060426337959551251383329
17,201692513,4259763509,90,322735,742715209285417,2161936128987378312722695
17,201692513,4259763509,92,109422,253136362157094,738695506407137298831990
17,201692513,4259763509,94,100333,232536675885025,679028121748310104926925
17,201692513,4259763509,96,177824,412745480371688,1205053370180168202516608
17,201692513,4259763509,98,94024,218859234347270,640016205280651704244432
17,201692513,4259763509,100,98038,228139939890826,667168194557350258325590
17,201692513,4259763509,102,131397,306906938686233,898883982077588496068445
17,201692513,4259763509,104,60476,141400494010972,414752746319895574051652
17,201692513,4259763509,106,53434,125800501216378,369295930554904192262290
17,201692513,4259763509,108,92655,217911218413205,639920822580533575876527
17,201692513,4259763509,110,56317,133323942188357,392352929491747250200957
17,201692513,4259763509,112,44413,104972155972513,308247835441342461520237
17,201692513,4259763509,114,68455,162560285822801,478939652853710587295023
17,201692513,4259763509,116,29199,69277807597623,204120515171733876596991
17,201692513,4259763509,118,28707,68755442673111,203551464537587720196195
17,201692513,4259763509,120,61831,147824420032957,437135122591028182756327
17,201692513,4259763509,122,19791,47735310816213,141821611364787972746631
17,201692513,4259763509,124,19984,47898669668650,141830989653249177322240
17,201692513,4259763509,126,38370,92220790752028,273218492667498768966162
17,201692513,4259763509,128,13876,33513405357734,99346869882736079310508
17,201692513,4259763509,130,19101,46199705513289,136942358700900633661485
17,201692513,4259763509,132,24324,58898298539334,174528664668105396140460
17,201692513,4259763509,134,10495,25512606723011,75829916928094084600999
17,201692513,4259763509,136,9285,22533676470393,66677184407398442161389
17,201692513,4259763509,138,17792,43233759393804,128645577995858292473576
17,201692513,4259763509,140,11137,27376042236077,81696284394601522028257
17,201692513,4259763509,142,6705,16418982436179,49115710211277921147921
17,201692513,4259763509,144,11490,28219666845404,84218827388119192590618
17,201692513,4259763509,146,4927,12058197236945,35908893968236672335199
17,201692513,4259763509,148,5438,13355542015112,39843303366114752427542
17,201692513,4259763509,150,11191,27567972492825,82400843343013859626135
17,201692513,4259763509,152,3575,8724106134265,25911712961903644491383
17,201692513,4259763509,154,4437,10986965116953,32862385669670024437965
17,201692513,4259763509,156,6269,15642511656543,46986332074207296086237
17,201692513,4259763509,158,2599,6542919312485,19750486171756778544655
17,201692513,4259763509,160,3033,7602844262247,22800780735598287013257
17,201692513,4259763509,162,4035,10021914261417,30022764083273925657723
17,201692513,4259763509,164,1948,4875618473066,14690916215764923941740
17,201692513,4259763509,166,1700,4282832048978,12775692064216231251860
17,201692513,4259763509,168,3824,9678115190794,29297889149843146294952
17,201692513,4259763509,170,1831,4699883344607,14389187436865721158567
17,201692513,4259763509,172,1212,2999549860476,8942140791498942727476
17,201692513,4259763509,174,2189,5556555407235,16892707096938816936029
17,201692513,4259763509,176,1017,2541571721019,7628500525870567095705
17,201692513,4259763509,178,896,2251330110950,6745995444385136835320
17,201692513,4259763509,180,1985,5073992660209,15282111041719067958497
17,201692513,4259763509,182,770,1981197178990,6000547773392548037306
17,201692513,4259763509,184,679,1705707163189,5179107948906320827423
17,201692513,4259763509,186,1054,2697403743906,8125608758588204015374
17,201692513,4259763509,188,418,1097285364140,3350069726360302946938
17,201692513,4259763509,190,661,1715288702977,5203285963121514271381
17,201692513,4259763509,192,731,1911038939603,5872649260610472160427
17,201692513,4259763509,194,350,901191134140,2727108998320785905318
17,201692513,4259763509,196,380,1002492106124,3099650679662158550492
17,201692513,4259763509,198,642,1630870953460,4952300533418050462050
17,201692513,4259763509,200,310,807498347360,2442352719558301166686
17,201692513,4259763509,202,230,612496051628,1930230670102524314150
17,201692513,4259763509,204,408,1060929246290,3265823379994283045520
17,201692513,4259763509,206,171,459889883067,1438132266792968594691
17,201692513,4259763509,208,170,423134472410,1257474678812023886018
17,201692513,4259763509,210,412,1041432740460,3147338125303982602588
17,201692513,4259763509,212,123,323242079025,990569828489521749675
17,201692513,4259763509,214,98,230249875220,650127756883680645218
17,201692513,4259763509,216,186,494694303810,1513304201311860119322
17,201692513,4259763509,218,78,207767269620,650890012988164060974
17,201692513,4259763509,220,113,303000704405,951569854194648030185
17,201692513,4259763509,222,106,274787248656,838633114913873917114
17,201692513,4259763509,224,62,173358634186,564662433844278029366
17,201692513,4259763509,226,52,131395599238,392346178726373568892
17,201692513,4259763509,228,85,236469320609,744207314371411285117
17,201692513,4259763509,230,56,142603324744,416258948318893511768
17,201692513,4259763509,232,31,96514309831,328769306755641855391
17,201692513,4259763509,234,87,230221198781,727278512008181149791
17,201692513,4259763509,236,30,76876488462,238196600385156273582
17,201692513,4259763509,238,33,90752266203,281147134334228293353
17,201692513,4259763509,240,54,147567384914,463262022787814000598
17,201692513,4259763509,242,20,48900893086,152270656424232155132
17,201692513,4259763509,244,18,48192576480,151748204748081948162
17,201692513,4259763509,246,27,73026473773,230736164766843411963
17,201692513,4259763509,248,16,39246320948,126082952070567408208
17,201692513,4259763509,250,15,27394012041,65936013406644493527
17,201692513,4259763509,252,25,64854251253,189304714987606350937
17,201692513,4259763509,254,6,12458770512,29210228669203696566
17,201692513,4259763509,256,10,30851200570,99829542829063465762
17,201692513,4259763509,258,15,47769433093,165476565301451383119
17,201692513,4259763509,260,8,20391219058,63144453012761046728
17,201692513,4259763509,262,8,24112506032,79456832373063376664
17,201692513,4259763509,264,10,33032102248,111952179106913282170
17,201692513,4259763509,266,10,32297625350,113852315390088346642
17,201692513,4259763509,268,5,16428985469,58036240928553845213
17,201692513,4259763509,270,9,25896238771,82406404522035682185
17,201692513,4259763509,272,2,6099173842,21471958647718106282
17,201692513,4259763509,274,2,4085185028,9499961294706220442
17,201692513,4259763509,276,7,22076459671,77544541792146873391
17,201692513,4259763509,280,4,10405845916,30668755630355059420
17,201692513,4259763509,282,6,14622729546,45410668580179738974
17,201692513,4259763509,284,3,5768008521,11282185042732871931
17,201692513,4259763509,286,2,6895071872,24502565975245573442
17,201692513,4259763509,288,5,12930210055,38836164743885352053
17,201692513,4259763509,290,5,13463052361,39387648418669466549
17,201692513,4259763509,292,3,8749068717,29159884884349179291
17,201692513,4259763509,304,1,2433630109,5922555507431351881
17,201692513,4259763509,306,1,3917587237,15347489759505294169
17,201692513,4259763509,310,1,4024713661,16198320053040022921
17,201692513,4259763509,320,1,2300942549,5294336613798617401
17,201692513,4259763509,336,1,3842610773,14765657552775657529
18,302953271,6528037501,2,18614407,57706560171420975,247163989969779749833762911
18,302953271,6528037501,4,18611619,57688359593221023,247063547678908171932045987
18,302953271,6528037501,6,33465108,104080428167573228,446192947242708582133825332
18,302953271,6528037501,8,14979220,46744163157398084,200574643262245291104828772
18,302953271,6528037501,10,19430829,60685958300090679,260478453126201785886767085
18,302953271,6528037501,12,25313750,79425092782864928,341380047576921555692726150
18,302953271,6528037501,14,14083148,44297565204339802,190554868657821567223235012
18,302953271,6528037501,16,10657477,33618624563633983,144722740801341224899831261
18,302953271,6528037501,18,19545002,61822712943178160,266311906997890828512087410
18,302953271,6528037501,20,10864392,34564084460873328,149148215116104886406022696
18,302953271,6528037501,22,9311133,29598065363699865,127703830200607393683567693
18,302953271,6528037501,24,14286397,45629010406779843,197148337652265342631793749
18,302953271,6528037501,26,6859385,21987896827485337,95095354696444763934563777
18,302953271,6528037501,28,7481932,23997019496974048,103803454484398616504020708
18,302953271,6528037501,30,13662510,44083459458868948,191051851362123601732048494
18,302953271,6528037501,32,4366189,14148903808302485,61393564910019895363659661
18,302953271,6528037501,34,4597466,14902061271234824,64657727435406146169862898
18,302953271,6528037501,36,7597795,24731195012774509,107467792768775133492463675
18,302953271,6528037501,38,3605523,11771481336088779,51192886251803012007376971
18,302953271,6528037501,40,4293370,14043361583809036,61111839810089832194658250
18,302953271,6528037501,42,6451320,21211222737349096,92447277742480930771249944
18,302953271,6528037501,44,2663720,8779106547921898,38285273694818911278018896
18,302953271,6528037501,46,2317336,7662187022607358,33454728133424051127910000
18,302953271,6528037501,48,4038012,13387014354794904,58502005719464688246426732
18,302953271,6528037501,50,2321672,7721447025081082,33775589072872477591094120
18,302953271,6528037501,52,1764309,5887968231989139,25785596504528325895618773
18,302953271,6528037501,54,2969564,9926840871893354,43499523420527207416181852
18,302953271,6528037501,56,1554139,5215517906765171,22890495174811108211288923
18,302953271,6528037501,58,1340589,4497842558473611,19732361501780707096525509
18,302953271,6528037501,60,2803280,9457184532508480,41559683792547813247568360
18,302953271,6528037501,62,893123,3029480003323411,13334844067384791760334843
18,302953271,6528037501,64,910321,3082649775968137,13564724249831328476311321
18,302953271,6528037501,66,1694272,5762966128081078,25400320540065411198665056
18,302953271,6528037501,68,700618,2392318777257662,10560093156443248423930570
18,302953271,6528037501,70,1004262,3433831364764080,15161461715087076298997190
18,302953271,6528037501,72,1035846,3561538928267928,15758007414741140461538958
18,302953271,6528037501,74,513886,1767398390654162,7821644165155418648597878
18,302953271,6528037501,76,461750,1594666585264274,7069235304538848979844174
18,302953271,6528037501,78,885840,3060515248260682,13556878447200442053731616
18,302953271,6528037501,80,460623,1599131429058411,7096231619604613601599191
18,302953271,6528037501,82,327661,1138778172685327,5056688452951954051251517
18,302953271,6528037501,84,686064,2390701955177080,10621402362704231712835632
18,302953271,6528037501,86,249653,874665512252017,3894425240365707889665557
18,302953271,6528037501,88,258732,905555028911694,4029069807848284202721900
18,302953271,6528037501,90,529646,1861190319239142,8296546301438382392552558
18,302953271,6528037501,92,180351,636479234815437,2840997723863016209341671
18,302953271,6528037501,94,165342,583991553447588,2606972171427021328879350
18,302953271,6528037501,96,293835,1040079471614343,4647085537682286788003235
18,302953271,6528037501,98,155152,549344643282572,2452868689549293527684704
18,302953271,6528037501,100,162715,577878077069719,2586157056691233471225451
18,302953271,6528037501,102,218840,779768148244510,3493181320487394594073952
18,302953271,6528037501,104,101132,361439831501398,1623030245827555159261052
18,302953271,6528037501,106,88994,318119609676200,1424647457107390621482506
18,302953271,6528037501,108,156001,560638251524685,2521459600250685880397569
18,302953271,6528037501,110,95315,344133588849943,1548691905153979441779611
18,302953271,6528037501,112,74858,269505620944934,1210490925532203239601818
18,302953271,6528037501,114,115513,417214307009709,1877179356663249519816865
18,302953271,6528037501,116,49507,179153639691269,807281977613074482449251
18,302953271,6528037501,118,48710,176947151484080,797361265886005815823550
18,302953271,6528037501,120,104945,381176323048413,1718517798349986552537857
18,302953271,6528037501,122,33760,123384634450112,557403813699193059774736
18,302953271,6528037501,124,34410,125959818959610,570408715861749012941586
18,302953271,6528037501,126,66370,243596345572400,1103524674713035664818810
18,302953271,6528037501,128,24043,88465565338427,400652577972395588657827
18,302953271,6528037501,130,32851,120640009934875,545848449834451284415339
18,302953271,6528037501,132,42061,155035220289665,703236123404419707876829
18,302953271,6528037501,134,18254,67557623919382,306958463064844114997822
18,302953271,6528037501,136,16385,60938466055133,277427703551441919230921
18,302953271,6528037501,138,30954,114513852210518,520359489931815326310090
18,302953271,6528037501,140,19495,72688542110837,330938396824224172234735
18,302953271,6528037501,142,11719,43544714269201,198008325248908007672023
18,302953271,6528037501,144,20319,75958070418441,346111118328394913153799
18,302953271,6528037501,146,8707,32574890030705,148933964366074767700267
18,302953271,6528037501,148,9586,35807482997962,163178191558947688569562
18,302953271,6528037501,150,20046,75530243670698,345981948417117844621134
18,302953271,6528037501,152,6385,23966533678811,109796253406001421594961
18,302953271,6528037501,154,8092,30840929457250,142252833053026408007212
18,302953271,6528037501,156,11228,42475425429480,194295532858037469097748
18,302953271,6528037501,158,4640,17593404804070,80476564605189869018960
18,302953271,6528037501,160,5577,21422025184611,98972610124062853778769
18,302953271,6528037501,162,7366,28173762042046,130352149534807074492886
18,302953271,6528037501,164,3576,13684508018706,63029996889273615390264
18,302953271,6528037501,166,3105,11863369159359,54273861115388825909313
18,302953271,6528037501,168,6877,26238878234383,120418487295795465398749
18,302953271,6528037501,170,3250,12397010362352,56766295261520480154610
18,302953271,6528037501,172,2180,8238086758886,37709697834524042504108
18,302953271,6528037501,174,3981,15265899655555,70250336442386108522661
18,302953271,6528037501,176,1841,6992382938389,32011537042703998637153
18,302953271,6528037501,178,1686,6581764202418,30834101165262680990022
18,302953271,6528037501,180,3744,14645138303196,68087310560857855864296
18,302953271,6528037501,182,1460,5702981273758,26377224276887170876868
18,302953271,6528037501,184,1233,4717835161299,21771592289122483465713
18,302953271,6528037501,186,1958,7586674683526,34965999040997172366974
18,302953271,6528037501,188,780,3065507635728,14214643117029667930812
18,302953271,6528037501,190,1243,4884060188197,22692101300736085859131
18,302953271,6528037501,192,1410,5571616345494,25902357998932354931778
18,302953271,6528037501,194,643,2498583936323,11556303058170612978355
18,302953271,6528037501,196,676,2628669279376,12158747428796101909612
18,302953271,6528037501,198,1144,4362869466954,20023725568861481049112
18,302953271,6528037501,200,564,2191143494688,10091756282332707308052
18,302953271,6528037501,202,437,1737104131103,8126057729766009138053
18,302953271,6528037501,204,743,2903382837899,13549991411314440181655
18,302953271,6528037501,206,340,1372534554788,6439123173689613144724
18,302953271,6528037501,208,355,1427320994893,6782179651256712561499
18,302953271,6528037501,210,797,3113208447361,14474428739479036491389
18,302953271,6528037501,212,224,872718841390,4017341268685719123176
18,302953271,6528037501,214,179,665114523347,3017633043233238468539
18,302953271,6528037501,216,334,1308280018078,6047822740339288658206
18,302953271,6528037501,218,155,630350153803,3006165380405519983451
18,302953271,6528037501,220,224,916255075814,4382531747725803198344
18,302953271,6528037501,222,250,1055901561014,5132199278582713332946
18,302953271,6528037501,224,132,547287471924,2588467572409671711612
18,302953271,6528037501,226,105,420115785603,1992866660364559974873
18,302953271,6528037501,228,189,804739035419,3892557440523799499805
18,302953271,6528037501,230,96,358403226120,1597088739553081956840
18,302953271,6528037501,232,65,281460569027,1350389147972174596169
18,302953271,6528037501,234,162,641899343568,3019496829668141534490
18,302953271,6528037501,236,64,259764809168,1239873823952810980456
18,302953271,6528037501,238,69,279900710379,1289856110375705897973
18,302953271,6528037501,240,108,443960318352,2113310815116070009116
18,302953271,6528037501,242,43,172254559475,824099895853073062243
18,302953271,6528037501,244,36,149190157620,726757201288298951028
18,302953271,6528037501,246,52,209643443534,989994305110602111820
18,302953271,6528037501,248,37,153955796555,761255158290804508693
18,302953271,6528037501,250,33,128448158325,641651074371174944985
18,302953271,6528037501,252,60,248945142426,1173442956016036864140
18,302953271,6528037501,254,13,48990097469,222556713592437697285
18,302953271,6528037501,256,18,72521296122,320248795503359418306
18,302953271,6528037501,258,47,220619908735,1113105907205541863471
18,302953271,6528037501,260,23,101144688145,503705159858267927423
18,302953271,6528037501,262,15,63668680731,306123044638421469351
18,302953271,6528037501,264,26,120701247884,597247735170474762866
18,302953271,6528037501,266,16,65418661628,297936492389564168560
18,302953271,6528037501,268,11,49070748317,237244523607034097795
18,302953271,6528037501,270,21,88566950163,414802939574754338613
18,302953271,6528037501,272,5,23748179959,126977132168652511973
18,302953271,6528037501,274,3,8589058785,29784840113699515491
18,302953271,6528037501,276,14,59144135564,276581236025785647398
18,302953271,6528037501,278,3,15507168627,81416913288897257739
18,302953271,6528037501,280,7,25276044187,106069576246262291983
18,302953271,6528037501,282,9,28814532831,112843773096680703513
18,302953271,6528037501,284,5,16977183187,75672600447114392621
18,302953271,6528037501,286,7,33961342933,172981405481870454079
18,302953271,6528037501,288,8,28457940476,120843093607207889456
18,302953271,6528037501,290,5,13463052361,39387648418669466549
18,302953271,6528037501,292,5,19091263967,82644622101595033733
18,302953271,6528037501,294,3,17980431751,108115861870429808451
18,302953271,6528037501,296,2,11652326374,68529367376777835890
18,302953271,6528037501,300,4,22847288802,131980679158461023044
18,302953271,6528037501,304,1,2433630109,5922555507431351881
18,302953271,6528037501,306,1,3917587237,15347489759505294169
18,302953271,6528037501,308,1,5490459101,30145141139753728201
18,302953271,6528037501,310,1,4024713661,16198320053040022921
18,302953271,6528037501,318,1,4372999721,19123126559866077841
18,302953271,6528037501,320,1,2300942549,5294336613798617401
18,302953271,6528037501,326,1,5837935373,34081489419324649129
18,302953271,6528037501,330,1,6291356009,39581160431980408081
18,302953271,6528037501,332,1,5893180121,34729571938549574641
18,302953271,6528037501,336,2,8118523434,33049086637275758450
18,302953271,6528037501,354,1,4302407359,18510709082777354881
19,455052511,9999999967,2,27412679,130321705193632877,855321818287535607801178111
19,455052511,9999999967,4,27409998,130303777589884446,855220561620225431342728518
19,455052511,9999999967,6,49392723,235551863536869855,1547409906995401911285006387
19,455052511,9999999967,8,22160841,106024777291064535,697122633992759478736101801
19,455052511,9999999967,10,28764495,137730558049991025,905820196093855127978633823
19,455052511,9999999967,12,37588207,180753905714536791,1190209899968058929878936783
19,455052511,9999999967,14,20943953,100938373122971587,665058763048335439127084273
19,455052511,9999999967,16,15888305,76807814189602541,506578569113008683340157033
19,455052511,9999999967,18,29189691,141460301987655415,933586630735176505655036859
19,455052511,9999999967,20,16296072,79416596387795256,524977386785474289423139560
19,455052511,9999999967,22,13954281,67938694396295175,448967392898759408043150753
19,455052511,9999999967,24,21487314,105100250758813652,695548643704417724397374802
19,455052511,9999999967,26,10347754,50797644566605346,336533389256102743596015802
19,455052511,9999999967,28,11287965,55431610926757845,367251045269132481693901605
19,455052511,9999999967,30,20706430,102271462124636846,678805558726566922486687462
19,455052511,9999999967,32,6641319,32943644164491153,218942661309605709123612783
19,455052511,9999999967,34,6996756,34723025608979940,230812196836188753003887388
19,455052511,9999999967,36,11593345,57739825205184325,384177503937811624599481657
19,455052511,9999999967,38,5517814,27574594077565478,183708775569096839537440030
19,455052511,9999999967,40,6576432,32909136509564910,219300031219995861353196816
19,455052511,9999999967,42,9919519,49876454137961687,332850492884031732301657519
19,455052511,9999999967,44,4106969,20707437005571193,138323294384057170379920553
19,455052511,9999999967,46,3580023,18097285935682305,120959874520384075801033767
19,455052511,9999999967,48,6250795,31676424740422863,211893267140195164784007667
19,455052511,9999999967,50,3607750,18353468464616240,122962576825356343998640030
19,455052511,9999999967,52,2742999,13978742267891967,93654456133018794081741591
19,455052511,9999999967,54,4627165,23631563540804607,158473226643096995178514957
19,455052511,9999999967,56,2431627,12471792984632009,83777117340598605544324867
19,455052511,9999999967,58,2096211,10746730980728331,72168555319338128121482211
19,455052511,9999999967,60,4404886,22702380723754762,152703872230986060441592630
19,455052511,9999999967,62,1409677,7302448550601059,49200925183571636063208037
19,455052511,9999999967,64,1434957,7422116523912885,49985541946077574061509173
19,455052511,9999999967,66,2681236,13926390743764478,93912721890784935168023668
19,455052511,9999999967,68,1114470,5815735616956854,39294737076022799188660302
19,455052511,9999999967,70,1597388,8341371652362686,56361510036107229770986052
19,455052511,9999999967,72,1655084,8685518417807144,58778860495636906473305780
19,455052511,9999999967,74,821015,4307561713574359,29139353103088094707924727
19,455052511,9999999967,76,740952,3905267371255284,26471338626130412761978248
19,455052511,9999999967,78,1424800,7520789709495378,51009661311625918256079808
19,455052511,9999999967,80,741798,3926716042318944,26646638384859731247336126
19,455052511,9999999967,82,530510,2817684771403808,19156072583083178041402670
19,455052511,9999999967,84,1110789,5906730916027141,40154253289428002295956181
19,455052511,9999999967,86,405566,2164935842885080,14728597139538148547790062
19,455052511,9999999967,88,422019,2257436240970597,15384767304200271079552227
19,455052511,9999999967,90,865284,4639929083171732,31638120463548372622240932
19,455052511,9999999967,92,295784,1592505540307864,10874720658652660073787920
19,455052511,9999999967,94,271435,1462164772379893,9982555446467794910977963
19,455052511,9999999967,96,484048,2615048620267898,17878824753896302141234864
19,455052511,9999999967,98,256434,1388256862687212,9503443959022183991085906
19,455052511,9999999967,100,268933,1457466510319123,9976012035686383462461949
19,455052511,9999999967,102,362835,1972667554306319,13519831275513719831636139
19,455052511,9999999967,104,168126,916098256491630,6282291174340750369924446
19,455052511,9999999967,106,147930,806245711391766,5526561340529277934095738
19,455052511,9999999967,108,260372,1425390425266228,9791010154863416748677924
19,455052511,9999999967,110,159634,877131571205972,6030234373820027644221106
19,455052511,9999999967,112,125859,692471981590143,4769598346237616286601323
19,455052511,9999999967,114,193931,1067374882977135,7346190445196281724680907
19,455052511,9999999967,116,84057,465639889128489,3217450195847721812188233
19,455052511,9999999967,118,82505,457128686865785,3154026404793207638770001
19,455052511,9999999967,120,177747,984909750680427,6798269244886366354632219
19,455052511,9999999967,122,57117,317047124482527,2186415047118028627448829
19,455052511,9999999967,124,58876,328638054644650,2273925386389857945903004
19,455052511,9999999967,126,113149,631464140196631,4366581036112018050812797
19,455052511,9999999967,128,41252,231321300393538,1603654382520969813244460
19,455052511,9999999967,130,56413,316409509917193,2196097210704840100543717
19,455052511,9999999967,132,72711,409274576224419,2842775691628754619646911
19,455052511,9999999967,134,31326,176126882488440,1221727515169075579745406
19,455052511,9999999967,136,28577,162208558572041,1130826273339414271249217
19,455052511,9999999967,138,53746,303568433256390,2111294349578761565332354
19,455052511,9999999967,140,34102,193832322160688,1350491500094054695752934
19,455052511,9999999967,142,20263,114527827874635,796271381920232881663663
19,455052511,9999999967,144,35563,202581188950843,1413252984602705614580947
19,455052511,9999999967,146,15289,87367025511863,611673257933975796575953
19,455052511,9999999967,148,16689,94793994260451,660094302092631329384745
19,455052511,9999999967,150,34981,199606365912425,1391803648000057267982581
19,455052511,9999999967,152,11307,64872318153831,454597277858636856754611
19,455052511,9999999967,154,14163,81197017378821,566030508606129944264835
19,455052511,9999999967,156,19972,115069221807348,805614534210597375020812
19,455052511,9999999967,158,8328,48141501100074,337189587209818802434752
19,455052511,9999999967,160,10075,58774741047313,413628329279116444649059
19,455052511,9999999967,162,13264,77295008651424,545380802901488344610560
19,455052511,9999999967,164,6398,37096569210658,260063729673615801762158
19,455052511,9999999967,166,5488,31602609789478,220197043303968436030816
19,455052511,9999999967,168,12220,70733491752192,496247278008772044653740
19,455052511,9999999967,170,5948,34847108102338,246271371222472820265164
19,455052511,9999999967,172,3953,23009517118553,162572089353594371511425
19,455052511,9999999967,174,7275,42674396666133,301556448648010275570747
19,455052511,9999999967,176,3337,19518850821863,138425927954045641833481
19,455052511,9999999967,178,3045,17913344240775,126645025917686329445421
19,455052511,9999999967,180,6809,40146238392835,283449998484313603565009
19,455052511,9999999967,182,2639,15529597281895,109463292050791851196703
19,455052511,9999999967,184,2286,13447461661362,95188359227120979106014
19,455052511,9999999967,186,3683,21911599902721,155629848670140127379891
19,455052511,9999999967,188,1503,9059151316977,64635867940216814969535
19,455052511,9999999967,190,2299,13642949269519,96365260037451016446931
19,455052511,9999999967,192,2588,15389704719100,108904721724997718027708
19,455052511,9999999967,194,1165,6852205115795,48390541276252471072021
19,455052511,9999999967,196,1254,7432458498246,52673552810459485144518
19,455052511,9999999967,198,2123,12558090310985,89614692464166470957699
19,455052511,9999999967,200,1102,6660204038816,47720070632880277205998
19,455052511,9999999967,202,822,4922447074122,34860839550928901430726
19,455052511,9999999967,204,1427,8624617032995,62066552110804662866939
19,455052511,9999999967,206,649,3911495320847,27571485759627498719233
19,455052511,9999999967,208,677,4097739649361,29254303454970495262877
19,455052511,9999999967,210,1531,9197078464817,65646756326058786207715
19,455052511,9999999967,212,383,2217191060281,15533232446239637882999
19,455052511,9999999967,214,356,2104023372878,14876315211052173798692
19,455052511,9999999967,216,645,3906578845251,28057744725837086918277
19,455052511,9999999967,218,300,1843630491438,13294760783143581264372
19,455052511,9999999967,220,416,2525700766556,18057679919513775695360
19,455052511,9999999967,222,495,3092064822871,22301868624793808289591
19,455052511,9999999967,224,250,1526008248854,10827602863332226642570
19,455052511,9999999967,226,204,1242287323788,8928251269768323801684
19,455052511,9999999967,228,370,2309142072788,16589646775322636748802
19,455052511,9999999967,230,203,1234853093473,8877224507707909914011
19,455052511,9999999967,232,137,883222904891,6446889141128338324025
19,455052511,9999999967,234,303,1815758889883,12945097008908181102207
19,455052511,9999999967,236,114,680716531674,4834388738433415705482
19,455052511,9999999967,238,134,827524703438,5954811124765898230550
19,455052511,9999999967,240,214,1341370875504,9815737562754003908542
19,455052511,9999999967,242,76,447437300522,3154996265037921373828
19,455052511,9999999967,244,79,523636944109,4028062830608561274727
19,455052511,9999999967,246,96,575814853760,4082338487623964101656
19,455052511,9999999967,248,73,453166913243,3283194600031231952041
19,455052511,9999999967,250,56,320739420752,2272065228320887461992
19,455052511,9999999967,252,128,806965354656,5831504350428102262352
19,455052511,9999999967,254,31,200663181383,1514216153273037119959
19,455052511,9999999967,256,41,268295255993,2002739723726661832625
19,455052511,9999999967,258,95,619342135587,4475125256757372043271
19,455052511,9999999967,260,43,270027712625,1950105066487186286107
19,455052511,9999999967,262,29,179040354359,1266489193446066921893
19,455052511,9999999967,264,53,337120119409,2363291634107516084453
19,455052511,9999999967,266,32,199156754890,1430860552521280049144
19,455052511,9999999967,268,23,149634259283,1092950754412356208511
19,455052511,9999999967,270,42,265466485124,1919623604728627426218
19,455052511,9999999967,272,15,107594014275,839293137829619321799
19,455052511,9999999967,274,16,110834412064,845200203910100552176
19,455052511,9999999967,276,24,143590398588,1000187458224927907008
19,455052511,9999999967,278,9,68625405681,558862443987350461377
19,455052511,9999999967,280,16,104390173486,808556751411260928880
19,455052511,9999999967,282,18,99865145520,680285624575821648834
19,455052511,9999999967,284,8,42659570038,297368741058692935592
19,455052511,9999999967,286,12,74563884228,508863298995512389668
19,455052511,9999999967,288,15,88751352019,650023895010995117991
19,455052511,9999999967,290,13,82032026573,634337842623242032837
19,455052511,9999999967,292,6,26785640298,141848049224648055294
19,455052511,9999999967,294,7,52623356615,409376265436024296103
19,455052511,9999999967,296,3,20686956567,150153910101045053139
19,455052511,9999999967,298,1,8650524583,74831575561087323889
19,455052511,9999999967,300,12,91850753642,735579490845573035964
19,455052511,9999999967,302,4,34239221318,301386667153682023732
19,455052511,9999999967,304,3,20340570945,166273605592237129251
19,455052511,9999999967,306,6,46961408492,391071630759268300398
19,455052511,9999999967,308,2,15452193652,129381296404340899802
19,455052511,9999999967,310,2,11517315542,72337403000204761082
19,455052511,9999999967,312,3,23866843813,194467299163554020499
19,455052511,9999999967,314,2,18801996898,177167200445904991202
19,455052511,9999999967,318,1,4372999721,19123126559866077841
19,455052511,9999999967,320,3,21242532483,185236756630313671779
19,455052511,9999999967,322,2,16775625182,141075011020807111562
19,455052511,9999999967,326,2,13690011184,95736583961015956850
19,455052511,9999999967,330,2,15880898002,131540476067490820130
19,455052511,9999999967,332,1,5893180121,34729571938549574641
19,455052511,9999999967,336,2,8118523434,33049086637275758450
19,455052511,9999999967,340,1,8605261447,74050524571224533809
19,455052511,9999999967,354,1,4302407359,18510709082777354881
