k,N,X,logX,g,x,count,mu_g,mu_all,R,SE_R
0,200000,2750159,14.827169286153165,2,0.13488751368528348,19462,1263526.1656561506,1320652.4512472562,0.9567438915990697,0.004184470043561084
0,200000,2750159,14.827169286153165,4,0.26977502737056697,19337,1264063.8402544346,1320652.4512472562,0.9571510196044554,0.004216975455674211
0,200000,2750159,14.827169286153165,6,0.4046625410558505,32361,1272584.2335836347,1320652.4512472562,0.9636026741038305,0.0031265065946374567
0,200000,2750159,14.827169286153165,8,0.5395500547411339,13595,1284326.8312614933,1320652.4512472562,0.9724941865276847,0.005080817268356311
0,200000,2750159,14.827169286153165,10,0.6744375684264174,17162,1286006.2967020161,1320652.4512472562,0.9737658802567478,0.004466702036127456
0,200000,2750159,14.827169286153165,12,0.809325082111701,20236,1315366.2949199446,1320652.4512472562,0.9959973145680233,0.0040532196444153295
0,200000,2750159,14.827169286153165,14,0.9442125957969844,10655,1315490.398967621,1320652.4512472562,0.9960912863374765,0.0057598984399501955
0,200000,2750159,14.827169286153165,16,1.0791001094822679,7478,1332085.7534100027,1320652.4512472562,1.0086573133998642,0.006879075059063429
0,200000,2750159,14.827169286153165,18,1.2139876231675515,12944,1345406.7377935722,1320652.4512472562,1.01874398258447,0.0051306843295208186
0,200000,2750159,14.827169286153165,20,1.3488751368528349,6322,1359661.5862068965,1320652.4512472562,1.029537775001136,0.007495312952464878
0,200000,2750159,14.827169286153165,22,1.4837626505381183,5674,1345355.5290800142,1320652.4512472562,1.0187052072704124,0.007901052574875925
0,200000,2750159,14.827169286153165,24,1.618650164223402,7554,1386311.680434207,1320652.4512472562,1.0497172659808722,0.006681245882274358
0,200000,2750159,14.827169286153165,26,1.7535376779086853,3324,1391447.6155234657,1320652.4512472562,1.0536062036680043,0.010145627531852448
0,200000,2750159,14.827169286153165,28,1.8884251915939687,3521,1393512.522862823,1320652.4512472562,1.0551697545760474,0.009863103495365119
0,200000,2750159,14.827169286153165,30,2.023312705279252,5613,1422813.2654551934,1320652.4512472562,1.0773563204395327,0.00777184281540148
0,200000,2750159,14.827169286153165,32,2.1582002189645357,1639,1446371.1281269067,1320652.4512472562,1.0951943690869756,0.014533741727616921
0,200000,2750159,14.827169286153165,34,2.2930877326498194,1748,1457809.7963386727,1320652.4512472562,1.1038557456671374,0.014048567365489309
0,200000,2750159,14.827169286153165,36,2.427975246335103,2547,1499039.9320769534,1320652.4512472562,1.1350752657606653,0.011499488528927602
0,200000,2750159,14.827169286153165,38,2.562862760020386,1074,1471304.8826815642,1320652.4512472562,1.114074245114245,0.017985970199404133
0,200000,2750159,14.827169286153165,40,2.6977502737056698,1329,1471907.0406320542,1320652.4512472562,1.114530200009813,0.0161910743176415
0,200000,2750159,14.827169286153165,42,2.8326377873909534,1616,1503005.6893564356,1320652.4512472562,1.1380781430700866,0.014114402461167172
0,200000,2750159,14.827169286153165,44,2.9675253010762366,632,1494220.8955696202,1320652.4512472562,1.1314262841510208,0.02241643088752951
0,200000,2750159,14.827169286153165,46,3.10241281476152,507,1467311.6863905326,1320652.4512472562,1.1110505909444743,0.025307950375514875
0,200000,2750159,14.827169286153165,48,3.237300328446804,750,1564340.3546666666,1320652.4512472562,1.1845208428525351,0.020277038993804907
0,200000,2750159,14.827169286153165,50,3.372187842132087,410,1577864.6292682926,1320652.4512472562,1.194761443692562,0.028126707023758486
0,200000,2750159,14.827169286153165,52,3.5070753558173706,285,1538838.5368421052,1320652.4512472562,1.1652108284725393,0.033557075115801686
0,200000,2750159,14.827169286153165,54,3.6419628695026542,514,1537319.4552529182,1320652.4512472562,1.1640605776342112,0.02526038202766277
0,200000,2750159,14.827169286153165,56,3.7768503831879374,220,1544516.8181818181,1320652.4512472562,1.1695104315470273,0.03502789053574377
0,200000,2750159,14.827169286153165,58,3.911737896873221,239,1588878.1464435146,1320652.4512472562,1.2031008952756188,0.03505820158526432
0,200000,2750159,14.827169286153165,60,4.046625410558504,323,1513717.1857585139,1320652.4512472562,1.1461889040745903,0.032545374487801725
0,200000,2750159,14.827169286153165,62,4.181512924243788,93,1649645.3870967743,1320652.4512472562,1.249113940264003,0.05471573170544165
0,200000,2750159,14.827169286153165,64,4.3164004379290715,111,1624338.6756756757,1320652.4512472562,1.2299516607428478,0.049721145598399456
0,200000,2750159,14.827169286153165,66,4.451287951614355,169,1554356.2189349113,1320652.4512472562,1.1769608404292435,0.04260335836666625
0,200000,2750159,14.827169286153165,68,4.586175465299639,55,1629188.3818181818,1320652.4512472562,1.2336238654458536,0.07682404363205785
0,200000,2750159,14.827169286153165,70,4.721062978984922,96,1590463.9375,1320652.4512472562,1.2043016586217874,0.05985287261081004
0,200000,2750159,14.827169286153165,72,4.855950492670206,74,1626452.8648648649,1320652.4512472562,1.23155252794087,0.058387556443167364
0,200000,2750159,14.827169286153165,74,4.990838006355489,35,1564208.6,1320652.4512472562,1.1844210780230056,0.0986004906904394
0,200000,2750159,14.827169286153165,76,5.125725520040772,35,1758370.6,1320652.4512472562,1.3314408331573928,0.0970947466084344
0,200000,2750159,14.827169286153165,78,5.260613033726056,73,1618259.8219178081,1320652.4512472562,1.22534874363765,0.054621998470153206
0,200000,2750159,14.827169286153165,80,5.3955005474113396,30,1487145.4,1320652.4512472562,1.1260687083838776,0.0795440437454604
0,200000,2750159,14.827169286153165,84,5.665275574781907,40,1795043.7,1320652.4512472562,1.3592097590132188,0.07892074910251322
1,300411,4262509,15.26536851200863,2,0.13101550731819434,28393,1967989.8174550065,2049939.2240537931,0.9600234945323256,0.0034731264148692314
1,300411,4262509,15.26536851200863,4,0.26203101463638867,28159,1965645.5905749493,2049939.2240537931,0.958879935322106,0.003492005528227653
1,300411,4262509,15.26536851200863,6,0.393046521954583,47424,1979273.387947031,2049939.2240537931,0.9655278384463423,0.002583137744641633
1,300411,4262509,15.26536851200863,8,0.5240620292727773,19890,1984661.352036199,2049939.2240537931,0.9681561915340564,0.0041866528136513875
1,300411,4262509,15.26536851200863,10,0.6550775365909717,25354,2000686.1015224422,2049939.2240537931,0.9759733742574319,0.0036755458648253755
1,300411,4262509,15.26536851200863,12,0.786093043909166,30141,2032880.4783185695,2049939.2240537931,0.9916784139085404,0.003316816014175116
1,300411,4262509,15.26536851200863,14,0.9171085512273603,16033,2047249.9522859103,2049939.2240537931,0.9986881212202161,0.004677339083650933
1,300411,4262509,15.26536851200863,16,1.0481240585455547,11303,2065004.142351588,2049939.2240537931,1.0073489585061959,0.005584579810163765
1,300411,4262509,15.26536851200863,18,1.179139565863749,19597,2075103.2510588355,2049939.2240537931,1.0122754990537135,0.004156402353984265
1,300411,4262509,15.26536851200863,20,1.3101550731819434,9667,2105306.0896865623,2049939.2240537931,1.0270090278692654,0.006045610440616615
1,300411,4262509,15.26536851200863,22,1.4411705805001376,8620,2086862.7686774943,2049939.2240537931,1.018012019181078,0.006433853533721689
1,300411,4262509,15.26536851200863,24,1.572186087818332,11731,2143712.0111669935,2049939.2240537931,1.0457441791507178,0.005410393053239466
1,300411,4262509,15.26536851200863,26,1.7032015951365262,5213,2155340.6347592557,2049939.2240537931,1.0514168466404723,0.008163198175363125
1,300411,4262509,15.26536851200863,28,1.8342171024547207,5556,2165999.6241900646,2049939.2240537931,1.0566165078332224,0.007914001638892611
1,300411,4262509,15.26536851200863,30,1.965232609772915,8908,2195300.5487202513,2049939.2240537931,1.0709100655086756,0.006179726564899922
1,300411,4262509,15.26536851200863,32,2.0962481170911094,2594,2206599.33230532,2049939.2240537931,1.0764218306637057,0.011487288739915127
1,300411,4262509,15.26536851200863,34,2.2272636244093036,2763,2216810.318132465,2049939.2240537931,1.0814029470340496,0.011108395572684351
1,300411,4262509,15.26536851200863,36,2.358279131727498,4001,2233735.72231942,2049939.2240537931,1.089659486539394,0.009047221451533015
1,300411,4262509,15.26536851200863,38,2.4892946390456925,1717,2243304.687827606,2049939.2240537931,1.0943274129812635,0.014137731240670262
1,300411,4262509,15.26536851200863,40,2.6203101463638867,2146,2242820.7306616963,2049939.2240537931,1.09409132931584,0.012507552160007714
1,300411,4262509,15.26536851200863,42,2.751325653682081,2731,2320293.382277554,2049939.2240537931,1.131883987120911,0.010922932694919034
1,300411,4262509,15.26536851200863,44,2.882341161000275,1051,2304568.263558516,2049939.2240537931,1.1242129700807368,0.017799493072478908
1,300411,4262509,15.26536851200863,46,3.01335666831847,823,2255463.019441069,2049939.2240537931,1.1002584822884889,0.02025967712333975
1,300411,4262509,15.26536851200863,48,3.144372175636664,1377,2448015.962962963,2049939.2240537931,1.1941895321764544,0.015044371076270434
1,300411,4262509,15.26536851200863,50,3.2753876829548583,732,2423843.5409836066,2049939.2240537931,1.1823977572322415,0.02062463685683441
1,300411,4262509,15.26536851200863,52,3.4064031902730525,482,2352268.53526971,2049939.2240537931,1.147482085160581,0.02595969422105785
1,300411,4262509,15.26536851200863,54,3.537418697591247,861,2333419.1951219514,2049939.2240537931,1.1382870124839952,0.01932657972186856
1,300411,4262509,15.26536851200863,56,3.6684342049094414,403,2463656.9156327546,2049939.2240537931,1.2018194913900067,0.02842226332816494
1,300411,4262509,15.26536851200863,58,3.7994497122276356,386,2343123.3626943007,2049939.2240537931,1.1430208931076165,0.028359512250063026
1,300411,4262509,15.26536851200863,60,3.93046521954583,618,2446551.786407767,2049939.2240537931,1.1934752785351679,0.022794835705481898
1,300411,4262509,15.26536851200863,62,4.0614807268640245,175,2533008.3714285716,2049939.2240537931,1.235650472807433,0.041000963539446204
1,300411,4262509,15.26536851200863,64,4.192496234182219,221,2582034.6470588236,2049939.2240537931,1.2595664382443503,0.036749385630763715
1,300411,4262509,15.26536851200863,66,4.323511741500413,317,2494631.593059937,2049939.2240537931,1.2169295380995522,0.032196171668435844
1,300411,4262509,15.26536851200863,68,4.454527248818607,107,2531324.140186916,2049939.2240537931,1.234828872234161,0.05240977108307398
1,300411,4262509,15.26536851200863,70,4.585542756136801,181,2458967.8397790054,2049939.2240537931,1.199532069500261,0.04070408091932928
1,300411,4262509,15.26536851200863,72,4.716558263454996,138,2490302.768115942,2049939.2240537931,1.2148178535709568,0.04516550436519757
1,300411,4262509,15.26536851200863,74,4.847573770773191,63,2394751.761904762,2049939.2240537931,1.1682062247528957,0.06944965637414895
1,300411,4262509,15.26536851200863,76,4.978589278091385,60,2432515.3,2049939.2240537931,1.1866280089951424,0.06488450172667345
1,300411,4262509,15.26536851200863,78,5.109604785409579,131,2494051.992366412,2049939.2240537931,1.2166467976715807,0.04808639814380071
1,300411,4262509,15.26536851200863,80,5.240620292727773,53,2376368.396226415,2049939.2240537931,1.15923846343459,0.0766569414293753
1,300411,4262509,15.26536851200863,82,5.371635800045968,34,2226051.294117647,2049939.2240537931,1.0859108738431713,0.09482274855376517
1,300411,4262509,15.26536851200863,84,5.502651307364162,75,2604718.2,2049939.2240537931,1.2706319140765165,0.05851315827832112
1,300411,4262509,15.26536851200863,90,5.895697829318745,41,2652282.7073170734,2049939.2240537931,1.29383480065918,0.08340715291225295
2,451234,6601211,15.702763675013852,2,0.12736611474210674,41155,3040413.6022597495,3178464.3242471186,0.9565668486714668,0.002878995984729707
2,451234,6601211,15.702763675013852,4,0.2547322294842135,40993,3046253.2121337787,3178464.3242471186,0.9584040912132444,0.0028861212290091243
2,451234,6601211,15.702763675013852,6,0.3820983442263202,69562,3075001.3510824875,3178464.3242471186,0.9674487543008248,0.002134308758806425
2,451234,6601211,15.702763675013852,8,0.509464458968427,29279,3086023.439632501,3178464.3242471186,0.9709164945129551,0.003456123423545817
2,451234,6601211,15.702763675013852,10,0.6368305737105338,37464,3104828.9409032674,3178464.3242471186,0.9768330313535002,0.0030188494031169063
2,451234,6601211,15.702763675013852,12,0.7641966884526404,44985,3152346.4024230298,3178464.3242471186,0.9917828488352547,0.0027189672155000038
2,451234,6601211,15.702763675013852,14,0.8915628031947472,24054,3175548.450236967,3178464.3242471186,0.9990826154668757,0.0038141292573696394
2,451234,6601211,15.702763675013852,16,1.018928917936854,17003,3191786.994471564,3178464.3242471186,1.004191543105522,0.004549890084332096
2,451234,6601211,15.702763675013852,18,1.1462950326789607,29662,3211952.9784909985,3178464.3242471186,1.01053611141343,0.003386598040579189
2,451234,6601211,15.702763675013852,20,1.2736611474210675,14701,3235421.0775457453,3178464.3242471186,1.0179195823794933,0.0048576223011352225
2,451234,6601211,15.702763675013852,22,1.401027262163174,13072,3227694.5758873927,3178464.3242471186,1.015488690958309,0.00521010448136358
2,451234,6601211,15.702763675013852,24,1.5283933769052809,18068,3299969.0070843482,3178464.3242471186,1.038227480456623,0.004360595447450525
2,451234,6601211,15.702763675013852,26,1.6557594916473877,8174,3343941.968681184,3178464.3242471186,1.0520621367909366,0.006546231757129677
2,451234,6601211,15.702763675013852,28,1.7831256063894945,8692,3346140.4588127015,3178464.3242471186,1.0527538199143702,0.006331429118434393
2,451234,6601211,15.702763675013852,30,1.910491721131601,14100,3387681.3529078015,3178464.3242471186,1.0658233056336852,0.004909989023203384
2,451234,6601211,15.702763675013852,32,2.037857835873708,4139,3402338.484899734,3178464.3242471186,1.070434693554613,0.009085242568065737
2,451234,6601211,15.702763675013852,34,2.1652239506158146,4375,3412483.6006857143,3178464.3242471186,1.0736265229259818,0.00889771804328355
2,451234,6601211,15.702763675013852,36,2.2925900653579214,6500,3465643.9867692306,3178464.3242471186,1.0903517023398197,0.00721046514808601
2,451234,6601211,15.702763675013852,38,2.419956180100028,2816,3483969.1953125,3178464.3242471186,1.0961171307586555,0.011010522372815088
2,451234,6601211,15.702763675013852,40,2.547322294842135,3391,3405047.4783249777,3178464.3242471186,1.0712869898678286,0.009918599552546817
2,451234,6601211,15.702763675013852,42,2.6746884095842414,4530,3562657.3086092714,3178464.3242471186,1.1208737758770209,0.008523945524547714
2,451234,6601211,15.702763675013852,44,2.802054524326348,1755,3576769.2974358974,3178464.3242471186,1.1253136523038134,0.013890973439462958
2,451234,6601211,15.702763675013852,46,2.929420639068455,1418,3587003.7517630467,3178464.3242471186,1.128533589129618,0.015548236910434778
2,451234,6601211,15.702763675013852,48,3.0567867538105618,2296,3664430.378919861,3178464.3242471186,1.1528933488306032,0.011691685206240561
2,451234,6601211,15.702763675013852,50,3.1841528685526685,1242,3658207.7922705314,3178464.3242471186,1.150935615153412,0.015816158024645484
2,451234,6601211,15.702763675013852,52,3.3115189832947753,833,3676994.0012004804,3178464.3242471186,1.156846082288952,0.02007590507309923
2,451234,6601211,15.702763675013852,54,3.438885098036882,1463,3607888.110047847,3178464.3242471186,1.1351041704400586,0.014960261338561787
2,451234,6601211,15.702763675013852,56,3.566251212778989,663,3645012.963800905,3178464.3242471186,1.146784293281095,0.021811415711411545
2,451234,6601211,15.702763675013852,58,3.6936173275210953,631,3531675.3771790806,3178464.3242471186,1.1111263229344652,0.02238866144265552
2,451234,6601211,15.702763675013852,60,3.820983442263202,1103,3764332.83862194,3178464.3242471186,1.1843243952450515,0.01682754113071276
2,451234,6601211,15.702763675013852,62,3.948349557005309,322,3832410.9378881985,3178464.3242471186,1.2057429459416633,0.029871210787279015
2,451234,6601211,15.702763675013852,64,4.075715671747416,349,3638503.928366762,3178464.3242471186,1.1447364378483667,0.028679654264376988
2,451234,6601211,15.702763675013852,66,4.2030817864895225,579,3835089.493955095,3178464.3242471186,1.2065856661340728,0.02314091200189595
2,451234,6601211,15.702763675013852,68,4.330447901231629,212,3988024.830188679,3178464.3242471186,1.2547017752459186,0.03752404983100054
2,451234,6601211,15.702763675013852,70,4.457814015973736,309,3726770.359223301,3178464.3242471186,1.1725065877862446,0.03204954990866852
2,451234,6601211,15.702763675013852,72,4.585180130715843,247,3758628.4251012146,3178464.3242471186,1.1825296878207117,0.03401493052733332
2,451234,6601211,15.702763675013852,74,4.71254624545795,112,3768507.285714286,3178464.3242471186,1.1856377486970633,0.0545903136927138
2,451234,6601211,15.702763675013852,76,4.839912360200056,121,3986908.4214876033,3178464.3242471186,1.254350533706865,0.050808080013176916
2,451234,6601211,15.702763675013852,78,4.967278474942163,228,3707364.8947368423,3178464.3242471186,1.1664012921129778,0.03539910232236757
2,451234,6601211,15.702763675013852,80,5.09464458968427,96,3754199.1875,3178464.3242471186,1.1811361728558194,0.058193964446503155
2,451234,6601211,15.702763675013852,82,5.222010704426377,58,3601763.6551724137,3178464.3242471186,1.1331773107208185,0.07893463849210453
2,451234,6601211,15.702763675013852,84,5.349376819168483,139,3893278.9712230214,3178464.3242471186,1.2248930848532398,0.04375963782297321
2,451234,6601211,15.702763675013852,86,5.4767429339105895,32,3558652.8125,3178464.3242471186,1.119613891951717,0.10484845683934259
2,451234,6601211,15.702763675013852,88,5.604109048652696,40,4175581.45,3178464.3242471186,1.3137103406026331,0.07985084969956682
2,451234,6601211,15.702763675013852,90,5.731475163394803,76,3928474.447368421,3178464.3242471186,1.2359661920380236,0.060141345381960025
2,451234,6601211,15.702763675013852,96,6.1135735076211235,35,4067036.2,3178464.3242471186,1.2795601224699469,0.09175921843213276
3,677778,10213061,16.13917794932219,2,0.12392204895937688,60088,4727005.152010385,4923026.77897155,0.9601827014635669,0.0023872581011439935
3,677778,10213061,16.13917794932219,4,0.24784409791875375,59684,4721411.238221299,4923026.77897155,0.9590464261516022,0.002393888964734069
3,677778,10213061,16.13917794932219,6,0.37176614687813064,101778,4755475.946648588,4923026.77897155,0.965965890529248,0.0017624548842107557
3,677778,10213061,16.13917794932219,8,0.4956881958375075,43205,4796191.204605948,4923026.77897155,0.9742362615398776,0.0028453798449636905
3,677778,10213061,16.13917794932219,10,0.6196102447968844,55475,4821504.180820189,4923026.77897155,0.9793780122048068,0.002481306790880303
3,677778,10213061,16.13917794932219,12,0.7435322937562613,66746,4858026.607197435,4923026.77897155,0.9867967056259453,0.0022253132985615622
3,677778,10213061,16.13917794932219,14,0.8674543427156381,36071,4915316.611044884,4923026.77897155,0.9984338561879046,0.0031062865829398806
3,677778,10213061,16.13917794932219,16,0.991376391675015,25601,4938030.996250146,4923026.77897155,1.0030477626777667,0.003705067617498711
3,677778,10213061,16.13917794932219,18,1.115298440634392,44794,4966743.450372818,4923026.77897155,1.0088800393262132,0.0027580080966752908
3,677778,10213061,16.13917794932219,20,1.2392204895937688,22542,5031743.783337769,4923026.77897155,1.0220833664424898,0.0039449063865463815
3,677778,10213061,16.13917794932219,22,1.3631425385531457,19858,4993634.315842481,4923026.77897155,1.014342302010732,0.0042163632623694255
3,677778,10213061,16.13917794932219,24,1.4870645875125226,27737,5083574.40036774,4923026.77897155,1.0326115677619225,0.003519270699089815
3,677778,10213061,16.13917794932219,26,1.6109866364718994,12501,5099907.958963283,4923026.77897155,1.0359293556450417,0.005268479882406669
3,677778,10213061,16.13917794932219,28,1.7349086854312763,13532,5153571.244900975,4923026.77897155,1.0468298216280651,0.005058713660910927
3,677778,10213061,16.13917794932219,30,1.8588307343906532,22239,5228730.885786232,4923026.77897155,1.0620967791848057,0.0039129796450898206
3,677778,10213061,16.13917794932219,32,1.98275278335003,6501,5213812.486848177,4923026.77897155,1.0590664485350156,0.00725833832059515
3,677778,10213061,16.13917794932219,34,2.106674832309407,6885,5244495.80174292,4923026.77897155,1.0652990603554113,0.007097708819164644
3,677778,10213061,16.13917794932219,36,2.230596881268784,10434,5324286.072838796,4923026.77897155,1.0815066242542504,0.0056793439697148
3,677778,10213061,16.13917794932219,38,2.354518930228161,4576,5375821.45979021,4923026.77897155,1.0919748563531584,0.008612638633557325
3,677778,10213061,16.13917794932219,40,2.4784409791875377,5438,5295570.995586612,4923026.77897155,1.0756738147771947,0.00797494302604514
3,677778,10213061,16.13917794932219,42,2.6023630281469146,7353,5431452.100775193,4923026.77897155,1.103274945400532,0.0067013382529986275
3,677778,10213061,16.13917794932219,44,2.7262850771062914,2840,5431903.649295774,4923026.77897155,1.1033666671280085,0.010820224065043899
3,677778,10213061,16.13917794932219,46,2.8502071260656683,2378,5552122.994112699,4923026.77897155,1.127786470272374,0.01191382548184502
3,677778,10213061,16.13917794932219,48,2.974129175025045,3886,5602071.35975296,4923026.77897155,1.137932335383978,0.009060962601444142
3,677778,10213061,16.13917794932219,50,3.098051223984422,2097,5590945.844062947,4923026.77897155,1.1356724419912518,0.012318688031516055
3,677778,10213061,16.13917794932219,52,3.221973272943799,1485,5755880.357575757,4923026.77897155,1.1691751062906457,0.014803369304214505
3,677778,10213061,16.13917794932219,54,3.3458953219031757,2467,5554439.903121199,4923026.77897155,1.1282570972083064,0.011497948035219755
3,677778,10213061,16.13917794932219,56,3.4698173708625526,1101,5565361.485013624,4923026.77897155,1.1304755661264676,0.01724071129952312
3,677778,10213061,16.13917794932219,58,3.5937394198219295,1084,5568259.304428045,4923026.77897155,1.1310641916904802,0.017553827794141153
3,677778,10213061,16.13917794932219,60,3.7176614687813063,1891,5753553.504494976,4923026.77897155,1.1687024594444575,0.01305365538419889
3,677778,10213061,16.13917794932219,62,3.841583517740683,552,5749755.728260869,4923026.77897155,1.167931028289476,0.02334498712065593
3,677778,10213061,16.13917794932219,64,3.96550556670006,568,5463690.123239436,4923026.77897155,1.1098233604126024,0.023323696910337973
3,677778,10213061,16.13917794932219,66,4.089427615659437,999,5760349.194194194,4923026.77897155,1.170082847974588,0.017453521566602195
3,677778,10213061,16.13917794932219,68,4.213349664618814,363,5844973.578512397,4923026.77897155,1.1872723511232752,0.028320246764093945
3,677778,10213061,16.13917794932219,70,4.337271713578191,541,5714142.090573013,4923026.77897155,1.1606969344511124,0.02402529316933208
3,677778,10213061,16.13917794932219,72,4.461193762537568,479,6048980.198329854,4923026.77897155,1.2287116178542343,0.025594526584285533
3,677778,10213061,16.13917794932219,74,4.585115811496944,226,6147087.088495575,4923026.77897155,1.2486397828978981,0.03771988452727192
3,677778,10213061,16.13917794932219,76,4.709037860456322,195,5657008.723076923,4923026.77897155,1.1490916009720966,0.03822841307638388
3,677778,10213061,16.13917794932219,78,4.832959909415698,368,5513619.6630434785,4923026.77897155,1.119965401487275,0.029077907029061916
3,677778,10213061,16.13917794932219,80,4.956881958375075,173,5884712.086705202,4923026.77897155,1.1953443178171284,0.043885020821761614
3,677778,10213061,16.13917794932219,82,5.080804007334452,105,5869948.028571429,4923026.77897155,1.1923453379625322,0.05915900534678207
3,677778,10213061,16.13917794932219,84,5.204726056293829,250,5864930.104,4923026.77897155,1.1913260616521,0.03357952659044976
3,677778,10213061,16.13917794932219,86,5.3286481052532055,68,6292700.352941177,4923026.77897155,1.2782177785057183,0.07374878430821018
3,677778,10213061,16.13917794932219,88,5.452570154212583,74,6169665.189189189,4923026.77897155,1.2532260063143652,0.061005878521838586
3,677778,10213061,16.13917794932219,90,5.576492203171959,149,6208057.174496644,4923026.77897155,1.2610244577612362,0.04531408371271034
3,677778,10213061,16.13917794932219,92,5.700414252131337,38,6140468.947368421,4923026.77897155,1.247295459288808,0.08779588767732532
3,677778,10213061,16.13917794932219,94,5.824336301090713,40,6263042.65,4923026.77897155,1.2721934962353358,0.08567340414471329
3,677778,10213061,16.13917794932219,96,5.94825835005009,65,6045040.538461538,4923026.77897155,1.2279113662925034,0.06497562057462623
3,677778,10213061,16.13917794932219,100,6.196102447968844,38,6064761.684210527,4923026.77897155,1.231917264824932,0.09670166053929354
3,677778,10213061,16.13917794932219,102,6.32002449692822,36,6575828.111111111,4923026.77897155,1.335728690162608,0.09333067070635591
4,1000000,15485863,16.555438101189427,2,0.12080622619441946,86027,7171068.437711416,7472974.440471441,0.9596002896617724,0.001992882726771715
4,1000000,15485863,16.555438101189427,4,0.2416124523888389,85833,7190990.919541435,7472974.440471441,0.9622662270323227,0.0019973942632460695
4,1000000,15485863,16.555438101189427,6,0.3624186785832584,146518,7221996.508360747,7472974.440471441,0.9664152561861485,0.0014717715526342957
4,1000000,15485863,16.555438101189427,8,0.4832249047776778,62750,7296695.859601594,7472974.440471441,0.9764111891089613,0.0023567311392439128
4,1000000,15485863,16.555438101189427,10,0.6040311309720973,80399,7300649.258485802,7472974.440471441,0.9769402152572106,0.002054632127190179
4,1000000,15485863,16.555438101189427,12,0.7248373571665168,97826,7388185.492691104,7472974.440471441,0.9886539224166024,0.0018415764040515036
4,1000000,15485863,16.555438101189427,14,0.8456435833609361,52826,7425163.195282626,7472974.440471441,0.993602113111764,0.0025579677757116125
4,1000000,15485863,16.555438101189427,16,0.9664498095553556,37688,7467739.795213331,7472974.440471441,0.9992995231952406,0.0030478989160958583
4,1000000,15485863,16.555438101189427,18,1.0872560357497751,66465,7536622.829684797,7472974.440471441,1.008517142634485,0.0022634526634670795
4,1000000,15485863,16.555438101189427,20,1.2080622619441945,33777,7621095.822986055,7472974.440471441,1.0198209406033067,0.003209359762486527
4,1000000,15485863,16.555438101189427,22,1.328868488138614,29583,7571259.418618801,7472974.440471441,1.0131520559758747,0.003449538052666929
4,1000000,15485863,16.555438101189427,24,1.4496747143330335,41731,7683502.012340945,7472974.440471441,1.0281718576112544,0.0028646508612724907
4,1000000,15485863,16.555438101189427,26,1.570480940527453,18928,7735613.289729501,7472974.440471441,1.03514515556693,0.004305813430342627
4,1000000,15485863,16.555438101189427,28,1.6912871667218723,20591,7794239.571317566,7472974.440471441,1.0429902622316285,0.004106581703805166
4,1000000,15485863,16.555438101189427,30,1.8120933929162917,33960,7856043.604888104,7472974.440471441,1.0512606014470052,0.003153143691964042
4,1000000,15485863,16.555438101189427,32,1.9328996191107113,10100,7946690.759207921,7472974.440471441,1.0633905980155602,0.005882302875760838
4,1000000,15485863,16.555438101189427,34,2.0537058453051307,10536,7894555.92881549,7472974.440471441,1.0564141483022995,0.005742035796597521
4,1000000,15485863,16.555438101189427,36,2.1745120714995503,16301,8029237.491871664,7472974.440471441,1.074436632405387,0.00455085285509004
4,1000000,15485863,16.555438101189427,38,2.2953182976939694,7196,8090481.720956087,7472974.440471441,1.0826320610894116,0.006848259212700852
4,1000000,15485863,16.555438101189427,40,2.416124523888389,8600,8077198.198139535,7472974.440471441,1.0808545195064225,0.006349261655087432
4,1000000,15485863,16.555438101189427,42,2.5369307500828087,11657,8178889.771382002,7472974.440471441,1.094462430794294,0.00535267183925458
4,1000000,15485863,16.555438101189427,44,2.657736976277228,4492,8178509.024042742,7472974.440471441,1.0944114808891,0.00867303873919916
4,1000000,15485863,16.555438101189427,46,2.7785432024716474,3822,8336274.737833595,7472974.440471441,1.11552298274791,0.009350334551232188
4,1000000,15485863,16.555438101189427,48,2.899349428666067,6305,8396331.50816812,7472974.440471441,1.1235595110155934,0.0071727580052887265
4,1000000,15485863,16.555438101189427,50,3.020155654860486,3449,8485471.659901422,7472974.440471441,1.135487847241467,0.009813409876885351
4,1000000,15485863,16.555438101189427,52,3.140961881054906,2412,8478153.146766169,7472974.440471441,1.134508516562157,0.011426421359234842
4,1000000,15485863,16.555438101189427,54,3.261768107249325,4054,8427680.72520967,7472974.440471441,1.127754522960472,0.009038169302337922
4,1000000,15485863,16.555438101189427,56,3.3825743334437446,1862,8496682.81632653,7472974.440471441,1.1369880740272555,0.013156031293677511
4,1000000,15485863,16.555438101189427,58,3.503380559638164,1753,8370370.0598973185,7472974.440471441,1.1200854661787476,0.013779697778129341
4,1000000,15485863,16.555438101189427,60,3.6241867858325834,3194,8653741.974953037,7472974.440471441,1.158005027835624,0.009967788120119654
4,1000000,15485863,16.555438101189427,62,3.744993012027003,910,8493945.76043956,7472974.440471441,1.1366218134560768,0.01826265455420566
4,1000000,15485863,16.555438101189427,64,3.8657992382214226,980,8632308.528571429,7472974.440471441,1.155136899949955,0.01869317465378482
4,1000000,15485863,16.555438101189427,66,3.9866054644158417,1664,8619431.661057692,7472974.440471441,1.1534137751599116,0.013774632507095397
4,1000000,15485863,16.555438101189427,68,4.107411690610261,625,8846561.576,7472974.440471441,1.1838072840299858,0.022427238183898728
4,1000000,15485863,16.555438101189427,70,4.228217916804681,906,8647836.205298014,7472974.440471441,1.1572147441671774,0.01899580240418596
4,1000000,15485863,16.555438101189427,72,4.349024142999101,771,8680889.075226977,7472974.440471441,1.1616377313180446,0.019844351263306446
4,1000000,15485863,16.555438101189427,74,4.469830369193519,392,8970840.25510204,7472974.440471441,1.2004377007525406,0.027328855687914093
4,1000000,15485863,16.555438101189427,76,4.590636595387939,319,8380550.956112852,7472974.440471441,1.1214478281534381,0.030681706800206605
4,1000000,15485863,16.555438101189427,78,4.7114428215823585,612,8460721.454248367,7472974.440471441,1.132175885471731,0.023298698063239493
4,1000000,15485863,16.555438101189427,80,4.832249047776778,279,8629057.860215053,7472974.440471441,1.154701910056403,0.03422284294471317
4,1000000,15485863,16.555438101189427,82,4.953055273971198,197,9193622.035532994,7472974.440471441,1.2302493617190808,0.04079158631345848
4,1000000,15485863,16.555438101189427,84,5.073861500165617,429,8699052.272727273,7472974.440471441,1.1640682491319325,0.02603096845281435
4,1000000,15485863,16.555438101189427,86,5.194667726360036,122,9211904.540983606,7472974.440471441,1.232695844789008,0.04970164814806083
4,1000000,15485863,16.555438101189427,88,5.315473952554456,118,8877849.949152542,7472974.440471441,1.1879941541178982,0.05158697721743289
4,1000000,15485863,16.555438101189427,90,5.436280178748875,276,9337684.101449275,7472974.440471441,1.2495271027395884,0.03297508428513356
4,1000000,15485863,16.555438101189427,92,5.557086404943295,76,9580953.97368421,7472974.440471441,1.282080388472436,0.06203479801488105
4,1000000,15485863,16.555438101189427,94,5.6778926311377145,73,9196751.602739725,7472974.440471441,1.2306681463986833,0.06150098619365033
4,1000000,15485863,16.555438101189427,96,5.798698857332134,119,9215167.890756303,7472974.440471441,1.2331325316529458,0.05023165903586574
4,1000000,15485863,16.555438101189427,98,5.919505083526553,52,9362239.423076924,7472974.440471441,1.2528129860011,0.08191081816874508
4,1000000,15485863,16.555438101189427,100,6.040311309720972,73,9325485.95890411,7472974.440471441,1.247894801887721,0.06463096199597858
4,1000000,15485863,16.555438101189427,102,6.161117535915392,63,9238372.682539683,7472974.440471441,1.2362376930539682,0.06488347875634784
4,1000000,15485863,16.555438101189427,104,6.281923762109812,35,9006180.371428572,7472974.440471441,1.2051667569814954,0.09743936506238407
4,1000000,15485863,16.555438101189427,108,6.52353621449865,51,9386160.450980391,7472974.440471441,1.2560139909147414,0.06604875342817373
4,1000000,15485863,16.555438101189427,114,6.885954893081909,34,10766123.11764706,7472974.440471441,1.4406744199927797,0.08342959301431618
5,1529183,24373961,17.00902594829866,2,0.11758462866005866,127656,11319101.45702513,11776669.495785328,0.9611462273842402,0.0016362221460689992
5,1529183,24373961,17.00902594829866,4,0.23516925732011731,127333,11334439.235461349,11776669.495785328,0.9624486141449206,0.0016383825861673675
5,1529183,24373961,17.00902594829866,6,0.352753885980176,218860,11404782.267001737,11776669.495785328,0.9684216977544727,0.0012047224478940024
5,1529183,24373961,17.00902594829866,8,0.47033851464023463,94129,11500120.184544614,11776669.495785328,0.9765171883833806,0.0019210013475751153
5,1529183,24373961,17.00902594829866,10,0.5879231433002933,120833,11514513.38792383,11776669.495785328,0.9777393678276087,0.0016772741047566236
5,1529183,24373961,17.00902594829866,12,0.705507771960352,147910,11628500.570617268,11776669.495785328,0.9874184356433636,0.0014973356863801277
5,1529183,24373961,17.00902594829866,14,0.8230924006204106,79916,11651812.083062215,11776669.495785328,0.9893979012684531,0.0020788514912369323
5,1529183,24373961,17.00902594829866,16,0.9406770292804693,57836,11809129.814994121,11776669.495785328,1.0027563242069764,0.0024678099204654908
5,1529183,24373961,17.00902594829866,18,1.058261657940528,102141,11854657.573657982,11776669.495785328,1.006622252403412,0.0018204155757150487
5,1529183,24373961,17.00902594829866,20,1.1758462866005865,52419,11998292.717850398,11776669.495785328,1.0188188368659226,0.0025782518142848107
5,1529183,24373961,17.00902594829866,22,1.2934309152606451,45619,11908049.995813148,11776669.495785328,1.0111559978884386,0.002773481406868003
5,1529183,24373961,17.00902594829866,24,1.411015543920704,65059,12065571.647781245,11776669.495785328,1.0245317364216862,0.0022930813134974955
5,1529183,24373961,17.00902594829866,26,1.5286001725807625,29793,12190204.244184876,11776669.495785328,1.0351147451788085,0.0034338615263199597
5,1529183,24373961,17.00902594829866,28,1.6461848012408211,32206,12172274.219710613,11776669.495785328,1.0335922413435195,0.003278734164503312
5,1529183,24373961,17.00902594829866,30,1.76376942990088,53982,12319383.243710866,11776669.495785328,1.046083805622614,0.0025021083294168808
5,1529183,24373961,17.00902594829866,32,1.8813540585609385,16101,12415251.27575927,11776669.495785328,1.0542243102094766,0.004634639016713903
5,1529183,24373961,17.00902594829866,34,1.998938687220997,16766,12353460.068471907,11776669.495785328,1.048977393217412,0.0045389719220126235
5,1529183,24373961,17.00902594829866,36,2.116523315881056,26393,12598811.569014512,11776669.495785328,1.0698110848337397,0.003594484602307322
5,1529183,24373961,17.00902594829866,38,2.2341079445411145,11761,12701966.421137659,11776669.495785328,1.0785703399151585,0.005388963647459689
5,1529183,24373961,17.00902594829866,40,2.351692573201173,13900,12591148.485611511,11776669.495785328,1.0691603844463557,0.004950669619754885
5,1529183,24373961,17.00902594829866,42,2.4692772018612317,18986,12733485.199515432,11776669.495785328,1.081246714452888,0.00420379701466518
5,1529183,24373961,17.00902594829866,44,2.5868618305212903,7516,12907126.075572113,11776669.495785328,1.0959911951499832,0.006712932588855354
5,1529183,24373961,17.00902594829866,46,2.704446459181349,6330,12944664.557345971,11776669.495785328,1.0991787246792184,0.007249362514612572
5,1529183,24373961,17.00902594829866,48,2.822031087841408,10496,13033240.405868903,11776669.495785328,1.1067000233413429,0.005602287166616275
5,1529183,24373961,17.00902594829866,50,2.9396157165014665,5640,12927509.296808511,11776669.495785328,1.0977220088782358,0.007574085850869597
5,1529183,24373961,17.00902594829866,52,3.057200345161525,4197,13344489.96354539,11776669.495785328,1.1331293595630885,0.008771407453802794
5,1529183,24373961,17.00902594829866,54,3.1747849738215836,6809,13105670.888383022,11776669.495785328,1.1128503600337363,0.006962092185898383
5,1529183,24373961,17.00902594829866,56,3.2923696024816422,3250,13447600.830153845,11776669.495785328,1.141884879673877,0.010090125725424726
5,1529183,24373961,17.00902594829866,58,3.409954231141701,2914,13011595.557995882,11776669.495785328,1.1048620802895517,0.010677821373964584
5,1529183,24373961,17.00902594829866,60,3.52753885980176,5451,13334533.715831958,11776669.495785328,1.1322839382224459,0.007629461045572332
5,1529183,24373961,17.00902594829866,62,3.6451234884618184,1648,13614285.962378642,11776669.495785328,1.156038722768858,0.01397302729297543
5,1529183,24373961,17.00902594829866,64,3.762708117121877,1711,13473739.883693747,11776669.495785328,1.1441044421358495,0.013772792610874735
5,1529183,24373961,17.00902594829866,66,3.8802927457819356,2927,13543418.912538435,11776669.495785328,1.1500211428524336,0.010483528467920007
5,1529183,24373961,17.00902594829866,68,3.997877374441994,1085,13561420.352995392,11776669.495785328,1.1515497108795314,0.016892480707705024
5,1529183,24373961,17.00902594829866,70,4.115462003102053,1578,13492444.730038023,11776669.495785328,1.1456927389247649,0.014340901132045699
5,1529183,24373961,17.00902594829866,72,4.233046631762112,1403,13847442.80755524,11776669.495785328,1.1758369216790032,0.015165839404550328
5,1529183,24373961,17.00902594829866,74,4.35063126042217,734,14031127.190735694,11776669.495785328,1.1914342332318317,0.020122207686741025
5,1529183,24373961,17.00902594829866,76,4.468215889082229,578,13619024.972318338,11776669.495785328,1.1564411294035515,0.02394166315551981
5,1529183,24373961,17.00902594829866,78,4.585800517742287,1117,13745467.641002687,11776669.495785328,1.1671778380060644,0.017419485727039035
5,1529183,24373961,17.00902594829866,80,4.703385146402346,523,13823270.326959847,11776669.495785328,1.1737843481051211,0.024586845129806304
5,1529183,24373961,17.00902594829866,82,4.820969775062405,376,14340721.04787234,11776669.495785328,1.21772297787627,0.028321930584894874
5,1529183,24373961,17.00902594829866,84,4.938554403722463,787,13846395.538754765,11776669.495785328,1.1757479942618885,0.019937041560703316
5,1529183,24373961,17.00902594829866,86,5.056139032382522,226,14272915.495575221,11776669.495785328,1.211965360892845,0.03669627266740747
5,1529183,24373961,17.00902594829866,88,5.1737236610425805,248,14918919.806451613,11776669.495785328,1.266819945298698,0.03630149466437031
5,1529183,24373961,17.00902594829866,90,5.2913082897026396,549,14663798.653916212,11776669.495785328,1.2451566768655722,0.02309324917042708
5,1529183,24373961,17.00902594829866,92,5.408892918362698,147,14663640.142857144,11776669.495785328,1.24514321711287,0.043901709221113666
5,1529183,24373961,17.00902594829866,94,5.526477547022757,148,14790223.608108109,11776669.495785328,1.2558918812658606,0.0451441231408783
5,1529183,24373961,17.00902594829866,96,5.644062175682816,218,14134523.23853211,11776669.495785328,1.2002139691184013,0.037100486207455534
5,1529183,24373961,17.00902594829866,98,5.761646804342874,112,15116750.160714285,11776669.495785328,1.2836184428988449,0.05158162586288831
5,1529183,24373961,17.00902594829866,100,5.879231433002933,137,14616225.05839416,11776669.495785328,1.2411170291927665,0.04805999041421909
5,1529183,24373961,17.00902594829866,102,5.996816061662991,120,14248546.483333332,11776669.495785328,1.2098960990993801,0.04806807778508369
5,1529183,24373961,17.00902594829866,104,6.11440069032305,79,15163092.670886075,11776669.495785328,1.287553554620234,0.06195377288400429
5,1529183,24373961,17.00902594829866,106,6.231985318983109,47,13518575.212765958,11776669.495785328,1.1479115736078038,0.07531705257164283
5,1529183,24373961,17.00902594829866,108,6.349569947643167,105,14749197.323809523,11776669.495785328,1.2524081896913226,0.05002267791090076
5,1529183,24373961,17.00902594829866,110,6.467154576303226,56,14830767.285714285,11776669.495785328,1.2593345929442927,0.07141368328156186
5,1529183,24373961,17.00902594829866,112,6.5847392049632845,46,15076219.391304348,11776669.495785328,1.2801768273024792,0.0762222007620564
5,1529183,24373961,17.00902594829866,114,6.7023238336233435,61,14960678.147540983,11776669.495785328,1.2703657984878627,0.062446977692817034
5,1529183,24373961,17.00902594829866,120,7.05507771960352,41,14689736.853658536,11776669.495785328,1.247359184098335,0.0780587581690971
5,1529183,24373961,17.00902594829866,126,7.407831605583695,30,13822840.8,11776669.495785328,1.1737478754028856,0.09924115255258013
6,2296917,37614323,17.44289546667545,2,0.11465986274016195,186423,17509415.073756993,18190545.262664374,0.9625558124249644,0.0013542191803757216
6,2296917,37614323,17.44289546667545,4,0.2293197254803239,185900,17510122.63305003,18190545.262664374,0.9625947095158881,0.0013546238824285208
6,2296917,37614323,17.44289546667545,6,0.34397958822048585,321600,17639836.604508705,18190545.262664374,0.9697255552154347,0.0009940318824582406
6,2296917,37614323,17.44289546667545,8,0.4586394509606478,138534,17722459.760318767,18190545.262664374,0.9742676486280848,0.001578850965151251
6,2296917,37614323,17.44289546667545,10,0.5732993137008098,178381,17782057.056878254,18190545.262664374,0.9775439273596415,0.0013795174501791275
6,2296917,37614323,17.44289546667545,12,0.6879591764409717,220080,17965514.681470376,18190545.262664374,0.9876292558609627,0.0012269667768420838
6,2296917,37614323,17.44289546667545,14,0.8026190391811336,119003,17998842.21363327,18190545.262664374,0.9894613907245227,0.0017074313605705226
6,2296917,37614323,17.44289546667545,16,0.9172789019212956,86646,18175912.215982273,18190545.262664374,0.9991955685510904,0.002007943236942399
6,2296917,37614323,17.44289546667545,18,1.0319387646614575,153659,18263672.413441453,18190545.262664374,1.0040200637045866,0.0014828534960704793
6,2296917,37614323,17.44289546667545,20,1.1465986274016196,79521,18476451.683140304,18190545.262664374,1.015717308983736,0.0020907645591831435
6,2296917,37614323,17.44289546667545,22,1.2612584901417814,69245,18434301.47633764,18190545.262664374,1.0134001598167357,0.002256288949722583
6,2296917,37614323,17.44289546667545,24,1.3759183528819434,99821,18644697.62271466,18190545.262664374,1.0249663961960735,0.0018522534317237022
6,2296917,37614323,17.44289546667545,26,1.4905782156221052,45713,18730639.962658323,18190545.262664374,1.0296909571535757,0.0027602396212744055
6,2296917,37614323,17.44289546667545,28,1.6052380783622673,49387,18735011.29890457,18190545.262664374,1.0299312653017445,0.0026561465638422943
6,2296917,37614323,17.44289546667545,30,1.719897941102429,83606,18931334.242063966,18190545.262664374,1.0407238468502669,0.002012934524040474
6,2296917,37614323,17.44289546667545,32,1.8345578038425912,25225,19121163.204638254,18190545.262664374,1.051159430821678,0.003700375331816891
6,2296917,37614323,17.44289546667545,34,1.9492176665827532,26209,19061466.77725209,18190545.262664374,1.0478777025103947,0.0036397062475206376
6,2296917,37614323,17.44289546667545,36,2.063877529322915,41378,19271445.664459374,18190545.262664374,1.0594210006455123,0.0028661217565335985
6,2296917,37614323,17.44289546667545,38,2.178537392063077,18656,19494236.035377357,18190545.262664374,1.0716685923312466,0.004282138241161196
6,2296917,37614323,17.44289546667545,40,2.293197254803239,21881,19313628.625976875,18190545.262664374,1.061739950457538,0.0039562759610381444
6,2296917,37614323,17.44289546667545,42,2.4078571175434007,30498,19630924.870680045,18190545.262664374,1.079182871498196,0.0033312633646270023
6,2296917,37614323,17.44289546667545,44,2.5225169802835627,12104,19774388.072372768,18190545.262664374,1.0870695620630566,0.0052788933454397825
6,2296917,37614323,17.44289546667545,46,2.637176843023725,10250,19816869.41697561,18190545.262664374,1.089404915071415,0.0056953501802419005
6,2296917,37614323,17.44289546667545,48,2.751836705763887,17220,20087374.7329849,18190545.262664374,1.1042755696946436,0.004406442872663952
6,2296917,37614323,17.44289546667545,50,2.866496568504049,9275,20054715.767654985,18190545.262664374,1.1024801883655886,0.006026413442245933
6,2296917,37614323,17.44289546667545,52,2.9811564312442105,6778,20095115.841251105,18190545.262664374,1.1047011263865638,0.006916950526065023
6,2296917,37614323,17.44289546667545,54,3.0958162939843725,11083,20074986.283948388,18190545.262664374,1.103594531888595,0.005494671787655236
6,2296917,37614323,17.44289546667545,56,3.2104761567245346,5475,20608400.27780822,18190545.262664374,1.1329182264869448,0.00771806680113965
6,2296917,37614323,17.44289546667545,58,3.3251360194646966,4821,20144135.092097074,18190545.262664374,1.107395891724169,0.00834901309167423
6,2296917,37614323,17.44289546667545,60,3.439795882204858,9157,20489095.11401114,18190545.262664374,1.1263595905541368,0.005945086619674284
6,2296917,37614323,17.44289546667545,62,3.5544557449450203,2721,20475682.153252482,18190545.262664374,1.1256222316369093,0.010805661901313381
6,2296917,37614323,17.44289546667545,64,3.6691156076851823,2854,20478594.85073581,18190545.262664374,1.1257823531418598,0.010601180327522762
6,2296917,37614323,17.44289546667545,66,3.7837754704253443,4912,20640859.36359935,18190545.262664374,1.1347026197155388,0.008100671001748461
6,2296917,37614323,17.44289546667545,68,3.8984353331655064,1880,21026064.24468085,18190545.262664374,1.155878723868509,0.013120478288880098
6,2296917,37614323,17.44289546667545,70,4.013095195905668,2686,20776740.883842144,18190545.262664374,1.142172517856618,0.011007642642916819
6,2296917,37614323,17.44289546667545,72,4.12775505864583,2431,20999590.33607569,18190545.262664374,1.1544233574557443,0.011256773953419869
6,2296917,37614323,17.44289546667545,74,4.242414921385992,1286,21432457.07153966,18190545.262664374,1.1782196059581143,0.015511117213344085
6,2296917,37614323,17.44289546667545,76,4.357074784126154,1067,21650971.776007496,18190545.262664374,1.1902321488100502,0.01746959992637484
6,2296917,37614323,17.44289546667545,78,4.471734646866316,2019,21414013.093115404,18190545.262664374,1.1772056738215053,0.0125506894228373
6,2296917,37614323,17.44289546667545,80,4.586394509606478,943,21487298.932131495,18190545.262664374,1.18123446119197,0.018266715707477184
6,2296917,37614323,17.44289546667545,82,4.70105437234664,666,21577335.963963963,18190545.262664374,1.1861841221577283,0.021020673932235882
6,2296917,37614323,17.44289546667545,84,4.815714235086801,1332,20990875.5990991,18190545.262664374,1.1539442768756543,0.015457463387959502
6,2296917,37614323,17.44289546667545,86,4.930374097826964,413,21867892.491525423,18190545.262664374,1.2021570643299357,0.02697856575378051
6,2296917,37614323,17.44289546667545,88,5.0450339605671255,446,22222138.457399104,18190545.262664374,1.2216312450517617,0.025845555881388333
6,2296917,37614323,17.44289546667545,90,5.159693823307288,932,21308294.354077253,18190545.262664374,1.171393932748788,0.017404840401439615
6,2296917,37614323,17.44289546667545,92,5.27435368604745,289,22494826.95847751,18190545.262664374,1.2366219172466237,0.030824899684109112
6,2296917,37614323,17.44289546667545,94,5.389013548787611,267,22161382.550561797,18190545.262664374,1.2182912733268894,0.033418283347490675
6,2296917,37614323,17.44289546667545,96,5.503673411527774,386,21580089.212435234,18190545.262664374,1.1863354781743576,0.028226586452732506
6,2296917,37614323,17.44289546667545,98,5.618333274267935,198,21964923.363636363,18190545.262664374,1.2074912019662656,0.037336303355819674
6,2296917,37614323,17.44289546667545,100,5.732993137008098,251,22148283.007968128,18190545.262664374,1.217571144138648,0.03461678122185969
6,2296917,37614323,17.44289546667545,102,5.847652999748259,237,22376116.966244727,18190545.262664374,1.2300960000452066,0.03470590442240037
6,2296917,37614323,17.44289546667545,104,5.962312862488421,142,22044439.323943663,18190545.262664374,1.2118624816150678,0.04342754695601675
6,2296917,37614323,17.44289546667545,106,6.0769727252285834,92,22573525.652173914,18190545.262664374,1.24094826879684,0.06099074269802869
6,2296917,37614323,17.44289546667545,108,6.191632587968745,182,21730125.53846154,18190545.262664374,1.194583517134149,0.03941539337568984
6,2296917,37614323,17.44289546667545,110,6.306292450708907,112,22968110.80357143,18190545.262664374,1.262640040302304,0.050857033457103636
6,2296917,37614323,17.44289546667545,112,6.420952313449069,85,22689229.352941178,18190545.262664374,1.2473089192939277,0.05825458896618187
6,2296917,37614323,17.44289546667545,114,6.535612176189231,110,22386421.12727273,18190545.262664374,1.2306624570083824,0.05067569578702238
6,2296917,37614323,17.44289546667545,116,6.650272038929393,41,21826234.414634146,18190545.262664374,1.1998669693223507,0.08503744903774327
6,2296917,37614323,17.44289546667545,118,6.764931901669555,45,24641826.333333332,18190545.262664374,1.3546502305189305,0.07649127817336591
6,2296917,37614323,17.44289546667545,120,6.879591764409716,95,23369087.294736844,18190545.262664374,1.284683166848291,0.050823219662525336
6,2296917,37614323,17.44289546667545,126,7.223571352630203,50,19949649.04,18190545.262664374,1.0967042907144813,0.07226353141125073
7,3450095,57995527,17.875876444847083,2,0.11188262607266576,272320,27042789.44422738,28074612.548656356,0.9632471115089936,0.001119722567465789
7,3450095,57995527,17.875876444847083,4,0.22376525214533152,272000,27079032.501205884,28074612.548656356,0.96453806634998,0.0011206079622796085
7,3450095,57995527,17.875876444847083,6,0.3356478782179973,472683,27254136.595589433,28074612.548656356,0.9707751638016393,0.0008203293025221995
7,3450095,57995527,17.875876444847083,8,0.44753050429066304,204793,27431010.599488262,28074612.548656356,0.9770753043144349,0.0013008477040595495
7,3450095,57995527,17.875876444847083,10,0.5594131303633288,262920,27406662.108968507,28074612.548656356,0.9762080264320578,0.0011352018139327768
7,3450095,57995527,17.875876444847083,12,0.6712957564359946,326942,27696372.293415956,28074612.548656356,0.9865273205610632,0.0010055174935314378
7,3450095,57995527,17.875876444847083,14,0.7831783825086603,177156,27770007.0302784,28074612.548656356,0.9891501434668051,0.001398806684538451
7,3450095,57995527,17.875876444847083,16,0.8950610085813261,130047,28038473.387044683,28074612.548656356,0.9987127458464817,0.0016382410212578712
7,3450095,57995527,17.875876444847083,18,1.0069436346539917,231124,28152349.322164726,28074612.548656356,1.0027689348650366,0.0012087547921182044
7,3450095,57995527,17.875876444847083,20,1.1188262607266577,120635,28444346.245724708,28074612.548656356,1.0131696811996092,0.001693692097926031
7,3450095,57995527,17.875876444847083,22,1.2307088867993234,104821,28390473.834603753,28074612.548656356,1.011250779878083,0.00182634152614595
7,3450095,57995527,17.875876444847083,24,1.3425915128719892,152140,28670050.80771658,28074612.548656356,1.0212091354075952,0.0014981548163261699
7,3450095,57995527,17.875876444847083,26,1.454474138944655,69903,28783814.05437535,28074612.548656356,1.0252613105342014,0.0022311038865016927
7,3450095,57995527,17.875876444847083,28,1.5663567650173207,75676,28829310.733204715,28074612.548656356,1.0268818735517857,0.0021444245125142223
7,3450095,57995527,17.875876444847083,30,1.6782393910899864,129235,29124083.136124115,28074612.548656356,1.0373814807114048,0.0016210933775314305
7,3450095,57995527,17.875876444847083,32,1.7901220171626522,39168,29333740.321691178,28074612.548656356,1.0448493374878323,0.0029709627052173296
7,3450095,57995527,17.875876444847083,34,1.902004643235318,40969,29404781.35900315,28074612.548656356,1.0473797744507236,0.0029109741654004383
7,3450095,57995527,17.875876444847083,36,2.0138872693079835,64992,29644150.093334563,28074612.548656356,1.055905937863186,0.002291745968063033
7,3450095,57995527,17.875876444847083,38,2.1257698953806496,29327,29793718.227264978,28074612.548656356,1.0612334605020541,0.0034080145265760935
7,3450095,57995527,17.875876444847083,40,2.2376525214533154,34272,29637395.288165268,28074612.548656356,1.0556653359614647,0.0031688987172010185
7,3450095,57995527,17.875876444847083,42,2.349535147525981,48532,30123204.045330916,28074612.548656356,1.0729695376249317,0.0026410484964230012
7,3450095,57995527,17.875876444847083,44,2.461417773598647,19364,30307727.162982855,28074612.548656356,1.0795421347474081,0.0041798664568408386
7,3450095,57995527,17.875876444847083,46,2.5733003996713126,16369,30319908.96957664,28074612.548656356,1.0799760430185434,0.004538564604069738
7,3450095,57995527,17.875876444847083,48,2.6851830257439784,27665,30570654.464232784,28074612.548656356,1.0889074394615603,0.003464091909135224
7,3450095,57995527,17.875876444847083,50,2.797065651816644,15113,30773968.132137895,28074612.548656356,1.0961493441379917,0.0047038285945158066
7,3450095,57995527,17.875876444847083,52,2.90894827788931,11142,30934824.165858913,28074612.548656356,1.1018789346512083,0.005451248958585296
7,3450095,57995527,17.875876444847083,54,3.0208309039619756,18240,31002985.04758772,28074612.548656356,1.1043067822879542,0.004292627067394772
7,3450095,57995527,17.875876444847083,56,3.1327135300346414,8959,31160473.95747293,28074612.548656356,1.109916437972864,0.0059975351320474225
7,3450095,57995527,17.875876444847083,58,3.244596156107307,7901,31006670.59853183,28074612.548656356,1.1044380592891139,0.006531236114251566
7,3450095,57995527,17.875876444847083,60,3.356478782179973,15203,31391622.10083536,28074612.548656356,1.1181497891174907,0.004633477993990402
7,3450095,57995527,17.875876444847083,62,3.4683614082526386,4516,31357859.401240036,28074612.548656356,1.1169471830428097,0.008485456111189563
7,3450095,57995527,17.875876444847083,64,3.5802440343253044,4644,31084163.52842377,28074612.548656356,1.1071983085982589,0.008386891177405405
7,3450095,57995527,17.875876444847083,66,3.69212666039797,8201,31640517.3680039,28074612.548656356,1.1270152816238317,0.006318246724308807
7,3450095,57995527,17.875876444847083,68,3.804009286470636,3212,32282724.06849315,28074612.548656356,1.1498902794310581,0.010053354122876832
7,3450095,57995527,17.875876444847083,70,3.9158919125433016,4595,32059312.448531013,28074612.548656356,1.1419324983726398,0.008411742738145133
7,3450095,57995527,17.875876444847083,72,4.027774538615967,4180,32244582.907655504,28074612.548656356,1.1485317153272243,0.008697988833197137
7,3450095,57995527,17.875876444847083,74,4.139657164688633,2187,32394886.15500686,28074612.548656356,1.1538854222427113,0.011947002878831416
7,3450095,57995527,17.875876444847083,76,4.251539790761299,1839,32734031.212071776,28074612.548656356,1.1659655553692911,0.013042389770230743
7,3450095,57995527,17.875876444847083,78,4.363422416833965,3426,32266133.45300642,28074612.548656356,1.1492993321665865,0.009526665159458781
7,3450095,57995527,17.875876444847083,80,4.475305042906631,1638,32814728.128205128,28074612.548656356,1.168839928648477,0.013869174627817733
7,3450095,57995527,17.875876444847083,82,4.587187668979296,1186,33052864.03035413,28074612.548656356,1.1773221793558122,0.015960920527185528
7,3450095,57995527,17.875876444847083,84,4.699070295051962,2323,32682838.573826946,28074612.548656356,1.1641421058682122,0.011901067140311304
7,3450095,57995527,17.875876444847083,86,4.810952921124628,778,34212857.08483291,28074612.548656356,1.2186404006658438,0.019839640965316194
7,3450095,57995527,17.875876444847083,88,4.922835547197294,813,33787578.87453874,28074612.548656356,1.203492258921871,0.01902051815093783
7,3450095,57995527,17.875876444847083,90,5.034718173269959,1633,32758688.986527864,28074612.548656356,1.1668438497504994,0.013719512636629733
7,3450095,57995527,17.875876444847083,92,5.146600799342625,525,33999486.69142857,28074612.548656356,1.2110402817671577,0.023416861211877374
7,3450095,57995527,17.875876444847083,94,5.258483425415291,468,33195279.730769232,28074612.548656356,1.182394936821949,0.025280128997581922
7,3450095,57995527,17.875876444847083,96,5.370366051487957,753,34757970.45551129,28074612.548656356,1.238056995275427,0.020644719456133342
7,3450095,57995527,17.875876444847083,98,5.482248677560622,381,34769306.32283465,28074612.548656356,1.2384607717230527,0.02838304789929006
7,3450095,57995527,17.875876444847083,100,5.594131303633288,424,32509172.514150944,28074612.548656356,1.1579562303062603,0.02614474577711925
7,3450095,57995527,17.875876444847083,102,5.706013929705954,452,34446486.28761062,28074612.548656356,1.226962125582717,0.025281185460823637
7,3450095,57995527,17.875876444847083,104,5.81789655577862,236,32214301.186440676,28074612.548656356,1.1474530995079555,0.03443831893709436
7,3450095,57995527,17.875876444847083,106,5.929779181851285,191,35909986.235602096,28074612.548656356,1.2790910711008454,0.0394876664834493
7,3450095,57995527,17.875876444847083,108,6.041661807923951,352,34453609.46590909,28074612.548656356,1.2272158487030673,0.02919182898759059
7,3450095,57995527,17.875876444847083,110,6.1535444339966165,215,35164609.62325581,28074612.548656356,1.2525412260743303,0.03686267909721583
7,3450095,57995527,17.875876444847083,112,6.265427060069283,156,34460167.5,28074612.548656356,1.2274494417430262,0.04339319764632023
7,3450095,57995527,17.875876444847083,114,6.377309686141948,239,36289259.251046024,28074612.548656356,1.2926005368071525,0.03475414535431638
7,3450095,57995527,17.875876444847083,116,6.489192312214614,81,34037584.85185185,28074612.548656356,1.2123973142233402,0.05860066062378199
7,3450095,57995527,17.875876444847083,118,6.6010749382872795,92,36882721.26086956,28074612.548656356,1.313739279462817,0.05279926060798221
7,3450095,57995527,17.875876444847083,120,6.712957564359946,191,35186658.93717278,28074612.548656356,1.253326608735578,0.03605753349380246
7,3450095,57995527,17.875876444847083,122,6.824840190432611,63,36417964.23809524,28074612.548656356,1.2971849273067952,0.059294967483187244
7,3450095,57995527,17.875876444847083,124,6.936722816505277,55,37869350.74545454,28074612.548656356,1.3488823997062414,0.07006403367966459
7,3450095,57995527,17.875876444847083,126,7.0486054425779425,99,34032571.98989899,28074612.548656356,1.212218759240821,0.05824923708550083
7,3450095,57995527,17.875876444847083,132,7.38425332079594,66,37177598.57575758,28074612.548656356,1.3242426235206188,0.06980738789765038
7,3450095,57995527,17.875876444847083,138,7.719901199013937,42,35976914.333333336,28074612.548656356,1.2814750077487778,0.08102570392584825
8,5182233,89359883,18.30818240341371,2,0.10924077311066574,398624,41783445.38325339,43296370.16936216,0.9650565444587925,0.0009254413626527594
8,5182233,89359883,18.30818240341371,4,0.21848154622133148,398485,41833011.86050416,43296370.16936216,0.9662013627670452,0.000925324949596416
8,5182233,89359883,18.30818240341371,6,0.3277223193319972,695338,42080679.99105183,43296370.16936216,0.9719216605559561,0.0006766731018504641
8,5182233,89359883,18.30818240341371,8,0.43696309244266296,302177,42295415.34076717,43296370.16936216,0.9768813222752956,0.001069165833798306
8,5182233,89359883,18.30818240341371,10,0.5462038655533287,388411,42321554.083028026,43296370.16936216,0.9774850389877732,0.0009347799660022458
8,5182233,89359883,18.30818240341371,12,0.6554446386639944,485894,42710384.23603091,43296370.16936216,0.986465702989903,0.0008248292710933627
8,5182233,89359883,18.30818240341371,14,0.7646854117746602,264070,42836276.42759117,43296370.16936216,0.9893733876541788,0.001143987534733996
8,5182233,89359883,18.30818240341371,16,0.8739261848853259,194530,43149721.82306071,43296370.16936216,0.9966129182255279,0.001338433111796557
8,5182233,89359883,18.30818240341371,18,0.9831669579959916,346107,43256894.6054226,43296370.16936216,0.9990882477264228,0.0009865092084498264
8,5182233,89359883,18.30818240341371,20,1.0924077311066573,182246,43735838.13998661,43296370.16936216,1.0101502266565394,0.0013784191790785843
8,5182233,89359883,18.30818240341371,22,1.201648504217323,157908,43585170.145185806,43296370.16936216,1.0066703045704282,0.0014838153150580774
8,5182233,89359883,18.30818240341371,24,1.3108892773279888,231278,44056850.48039156,43296370.16936216,1.017564528112972,0.0012140222422906044
8,5182233,89359883,18.30818240341371,26,1.4201300504386545,107005,44342184.10400449,43296370.16936216,1.024154771648326,0.001805183995649981
8,5182233,89359883,18.30818240341371,28,1.5293708235493204,115944,44371393.56779135,43296370.16936216,1.024829411662549,0.0017304424668878324
8,5182233,89359883,18.30818240341371,30,1.6386115966599861,199083,44744964.03928512,43296370.16936216,1.0334576285322883,0.0013055029270634543
8,5182233,89359883,18.30818240341371,32,1.7478523697706518,60783,45087543.84398598,43296370.16936216,1.0413700656109808,0.00238619110163332
8,5182233,89359883,18.30818240341371,34,1.8570931428813175,63558,45146151.76597753,43296370.16936216,1.0427237107725102,0.0023345790646885915
8,5182233,89359883,18.30818240341371,36,1.9663339159919833,101550,45513949.17650419,43296370.16936216,1.0512185894214119,0.0018343623301569447
8,5182233,89359883,18.30818240341371,38,2.075574689102649,46056,45744691.13079729,43296370.16936216,1.0565479496747199,0.002728317829702976
8,5182233,89359883,18.30818240341371,40,2.1848154622133147,53979,45717357.59901073,43296370.16936216,1.0559166373573214,0.0025284600628887295
8,5182233,89359883,18.30818240341371,42,2.2940562353239806,76981,46249658.52588301,43296370.16936216,1.0682109919369336,0.002098065547920427
8,5182233,89359883,18.30818240341371,44,2.403297008434646,30870,46484479.56443149,43296370.16936216,1.0736345652672135,0.0033145992385611306
8,5182233,89359883,18.30818240341371,46,2.512537781545312,26041,46445645.48116432,43296370.16936216,1.072737629031791,0.0036077969769586072
8,5182233,89359883,18.30818240341371,48,2.6217785546559775,44149,46745745.801286556,43296370.16936216,1.0796689334101564,0.0027584563389931476
8,5182233,89359883,18.30818240341371,50,2.7310193277666435,24337,47074966.11690019,43296370.16936216,1.0872728113871284,0.0037084413417604514
8,5182233,89359883,18.30818240341371,52,2.840260100877309,18146,47494551.76656012,43296370.16936216,1.0969638235440053,0.004290761533799407
8,5182233,89359883,18.30818240341371,54,2.949500873987975,29627,47456493.4214399,43296370.16936216,1.096084804241201,0.0033570365967093988
8,5182233,89359883,18.30818240341371,56,3.058741647098641,14582,47581051.00054862,43296370.16936216,1.0989616638629545,0.004748452429887404
8,5182233,89359883,18.30818240341371,58,3.1679824202093063,12887,47600132.5992861,43296370.16936216,1.0994023843820844,0.005104653418890426
8,5182233,89359883,18.30818240341371,60,3.2772231933199722,24995,48028340.53414683,43296370.16936216,1.1092925422217763,0.0036281317938691936
8,5182233,89359883,18.30818240341371,62,3.3864639664306377,7471,48172686.10828537,43296370.16936216,1.1126264377325064,0.006650661247140099
8,5182233,89359883,18.30818240341371,64,3.4957047395413037,7718,48108104.303705625,43296370.16936216,1.111134816048584,0.006568036311581261
8,5182233,89359883,18.30818240341371,66,3.604945512651969,13582,48381005.595346786,43296370.16936216,1.1174379146818796,0.0049138444560026025
8,5182233,89359883,18.30818240341371,68,3.714186285762635,5431,49224710.421469346,43296370.16936216,1.1369246481614357,0.007682470061656375
8,5182233,89359883,18.30818240341371,70,3.8234270588733006,7720,48973520.47124352,43296370.16936216,1.1311230082261883,0.006466558135442437
8,5182233,89359883,18.30818240341371,72,3.9326678319839665,7394,50333539.2883419,43296370.16936216,1.1625348520315326,0.006589764840924798
8,5182233,89359883,18.30818240341371,74,4.0419086050946325,3767,49927032.376161404,43296370.16936216,1.1531459145619396,0.009241868277272329
8,5182233,89359883,18.30818240341371,76,4.151149378205298,3102,49577027.64990329,43296370.16936216,1.1450619868587857,0.01009486919064921
8,5182233,89359883,18.30818240341371,78,4.260390151315963,5910,49774131.29509306,43296370.16936216,1.1496144157210382,0.007352381498854218
8,5182233,89359883,18.30818240341371,80,4.369630924426629,2850,50354824.83157895,43296370.16936216,1.1630264762289835,0.010530794259272672
8,5182233,89359883,18.30818240341371,82,4.478871697537295,2045,50378024.96870416,43296370.16936216,1.1635623210823616,0.012352608334881632
8,5182233,89359883,18.30818240341371,84,4.588112470647961,4064,50373954.599409446,43296370.16936216,1.1634683092915628,0.008876422533217153
8,5182233,89359883,18.30818240341371,86,4.697353243758626,1389,51861010.593952484,43296370.16936216,1.1978142830701066,0.014765756204619432
8,5182233,89359883,18.30818240341371,88,4.806594016869292,1438,51172167.20723227,43296370.16936216,1.1819043260915962,0.014410060939218865
8,5182233,89359883,18.30818240341371,90,4.915834789979958,2899,50677969.49948258,43296370.16936216,1.1704900272527665,0.010388905692687517
8,5182233,89359883,18.30818240341371,92,5.025075563090624,927,51201262.475728154,43296370.16936216,1.1825763285800743,0.017845423302910727
8,5182233,89359883,18.30818240341371,94,5.13431633620129,836,51055842.14593302,43296370.16936216,1.1792176098416145,0.019112846892174292
8,5182233,89359883,18.30818240341371,96,5.243557109311955,1401,52977823.42255532,43296370.16936216,1.2236088895055701,0.01458418378710828
8,5182233,89359883,18.30818240341371,98,5.352797882422621,722,53008364.249307476,43296370.16936216,1.2243142795101523,0.01989980044074626
8,5182233,89359883,18.30818240341371,100,5.462038655533287,758,50881170.984168865,43296370.16936216,1.1751832956235657,0.020430100018067467
8,5182233,89359883,18.30818240341371,102,5.571279428643953,915,54291496.818579234,43296370.16936216,1.2539503105273606,0.01776395499994484
8,5182233,89359883,18.30818240341371,104,5.680520201754618,418,50532056.473684214,43296370.16936216,1.167119928899773,0.027595751170201233
8,5182233,89359883,18.30818240341371,106,5.789760974865284,357,53430206.210084036,43296370.16936216,1.2340574048374358,0.02791967701119649
8,5182233,89359883,18.30818240341371,108,5.89900174797595,621,51348749.73107891,43296370.16936216,1.1859827863217702,0.021565469624524172
8,5182233,89359883,18.30818240341371,110,6.008242521086616,397,53266370.49118388,43296370.16936216,1.2302733527735032,0.027226358220849223
8,5182233,89359883,18.30818240341371,112,6.117483294197282,276,51645789.80434783,43296370.16936216,1.1928434093279712,0.03280469370811238
8,5182233,89359883,18.30818240341371,114,6.226724067307947,410,51804655.375609756,43296370.16936216,1.1965126677586548,0.025642150143726335
8,5182233,89359883,18.30818240341371,116,6.335964840418613,160,53247601.8125,43296370.16936216,1.2298398596513211,0.042467475627819065
8,5182233,89359883,18.30818240341371,118,6.445205613529279,153,50873122.568627454,43296370.16936216,1.1749974043927323,0.03922504627032997
8,5182233,89359883,18.30818240341371,120,6.5544463866399445,371,53759565.981132075,43296370.16936216,1.2416645037641978,0.027070281722230367
8,5182233,89359883,18.30818240341371,122,6.6636871597506095,111,52023048.24324324,43296370.16936216,1.2015568057956125,0.046702390672142845
8,5182233,89359883,18.30818240341371,124,6.7729279328612755,121,57752699.80991735,43296370.16936216,1.3338924160156256,0.045729649623700526
8,5182233,89359883,18.30818240341371,126,6.882168705971941,173,51529768.179190755,43296370.16936216,1.190163701428597,0.042857865947956604
8,5182233,89359883,18.30818240341371,128,6.991409479082607,61,57130546.016393445,43296370.16936216,1.3195227635230442,0.06488561448843161
8,5182233,89359883,18.30818240341371,130,7.100650252193273,64,60098061.625,43296370.16936216,1.3880623569577488,0.06713688306898988
8,5182233,89359883,18.30818240341371,132,7.209891025303938,110,51845045.72727273,43296370.16936216,1.197445548540692,0.04962407773031907
8,5182233,89359883,18.30818240341371,134,7.319131798414604,40,52456548.2,43296370.16936216,1.2115691914773925,0.08692683145116911
8,5182233,89359883,18.30818240341371,136,7.42837257152527,36,50535876.166666664,43296370.16936216,1.1672081509139398,0.09128756352444876
8,5182233,89359883,18.30818240341371,138,7.537613344635936,76,53309058.89473684,43296370.16936216,1.2312593107969123,0.06095813831564005
8,5182233,89359883,18.30818240341371,140,7.646854117746601,47,52920260.57446808,43296370.16936216,1.2222793820234863,0.0832852120982563
8,5182233,89359883,18.30818240341371,144,7.865335663967933,38,51199411.7368421,43296370.16936216,1.1825335827591474,0.07721435056884453
8,5182233,89359883,18.30818240341371,148,8.083817210189265,31,54838517.06451613,43296370.16936216,1.266584631690939,0.09171722912512224
8,5182233,89359883,18.30818240341371,150,8.19305798329993,30,54469830.0,43296370.16936216,1.2580692050379902,0.08807756184302831
9,9000000,160481183,18.893687253785824,2,0.10585546236345422,669294,75251575.70378637,77842754.17575213,0.9667126568246103,0.0007135371289879588
9,9000000,160481183,18.893687253785824,4,0.21171092472690844,668979,75247152.72329177,77842754.17575213,0.9666558374000995,0.0007129482073678952
9,9000000,160481183,18.893687253785824,6,0.31756638709036267,1173553,75687262.02029307,77842754.17575213,0.9723096622378953,0.0005208954062555518
9,9000000,160481183,18.893687253785824,8,0.4234218494538169,511903,76041499.43237098,77842754.17575213,0.976860341563528,0.0008212467146381167
9,9000000,160481183,18.893687253785824,10,0.5292773118172711,659823,76167050.84869578,77842754.17575213,0.9784732266374726,0.0007167069788788999
9,9000000,160481183,18.893687253785824,12,0.6351327741807253,830890,76749635.40066195,77842754.17575213,0.9859573471331428,0.0006305618513160123
9,9000000,160481183,18.893687253785824,14,0.7409882365441796,454184,77070435.0237613,77842754.17575213,0.9900784708844307,0.0008714295401394267
9,9000000,160481183,18.893687253785824,16,0.8468436989076338,335152,77385688.92229198,77842754.17575213,0.9941283519795793,0.0010193299733571458
9,9000000,160481183,18.893687253785824,18,0.952699161271088,600876,77799998.54139623,77842754.17575213,0.9994507435559208,0.0007491273527127822
9,9000000,160481183,18.893687253785824,20,1.0585546236345422,318483,78411841.11929052,77842754.17575213,1.0073107246726332,0.0010425117970079972
9,9000000,160481183,18.893687253785824,22,1.1644100859979964,276264,78373795.31085484,77842754.17575213,1.0068219725872458,0.0011235830595444551
9,9000000,160481183,18.893687253785824,24,1.2702655483614507,406695,78887321.3739264,77842754.17575213,1.0134189393635258,0.0009153407749190045
9,9000000,160481183,18.893687253785824,26,1.376121010724905,189393,79359042.62158053,77842754.17575213,1.0194788643064316,0.0013555984939459759
9,9000000,160481183,18.893687253785824,28,1.4819764730883591,205623,79495375.71948177,77842754.17575213,1.0212302552913064,0.0013001574773218196
9,9000000,160481183,18.893687253785824,30,1.5878319354518133,357008,80154499.50756846,77842754.17575213,1.0296976302585197,0.0009742952428125201
9,9000000,160481183,18.893687253785824,32,1.6936873978152676,110091,80766449.12060931,77842754.17575213,1.0375589863926977,0.0017725732605395957
9,9000000,160481183,18.893687253785824,34,1.7995428601787218,115171,80954041.56675726,77842754.17575213,1.039968876023843,0.0017365127431149326
9,9000000,160481183,18.893687253785824,36,1.905398322542176,184468,81225460.00177808,77842754.17575213,1.0434556287459784,0.001360871334531834
9,9000000,160481183,18.893687253785824,38,2.0112537849056302,84455,81782588.39077616,77842754.17575213,1.050612728914097,0.002017496802818606
9,9000000,160481183,18.893687253785824,40,2.1171092472690844,99486,81979182.66395272,77842754.17575213,1.05313825971344,0.0018596502610242654
9,9000000,160481183,18.893687253785824,42,2.2229647096325387,142305,82431026.22396262,77842754.17575213,1.0589428277145894,0.001543024548378567
9,9000000,160481183,18.893687253785824,44,2.328820171995993,57726,83082353.20767072,77842754.17575213,1.067310041729622,0.0024303717301412285
9,9000000,160481183,18.893687253785824,46,2.434675634359447,48862,83232145.45569155,77842754.17575213,1.0692343344863073,0.002644234599041341
9,9000000,160481183,18.893687253785824,48,2.5405310967229013,83074,83513704.34684739,77842754.17575213,1.07285135567392,0.002017826420027976
9,9000000,160481183,18.893687253785824,50,2.6463865590863556,46175,83969155.97966433,77842754.17575213,1.0787022744606403,0.002698024364377076
9,9000000,160481183,18.893687253785824,52,2.75224202144981,34374,84077319.46936639,77842754.17575213,1.0800917870857698,0.003114603235824653
9,9000000,160481183,18.893687253785824,54,2.858097483813264,56789,84654293.61075208,77842754.17575213,1.0875038339422185,0.002427271889438017
9,9000000,160481183,18.893687253785824,56,2.9639529461767182,28481,85488717.76991679,77842754.17575213,1.0982231894943197,0.0034237639822325776
9,9000000,160481183,18.893687253785824,58,3.0698084085401725,24806,84848297.2086592,77842754.17575213,1.0899960838627327,0.003670418708092625
9,9000000,160481183,18.893687253785824,60,3.1756638709036267,48729,85653607.48751257,77842754.17575213,1.100341430547604,0.002605919775422845
9,9000000,160481183,18.893687253785824,62,3.281519333267081,14728,86186975.18617599,77842754.17575213,1.1071932911261644,0.00474041942532527
9,9000000,160481183,18.893687253785824,64,3.387374795630535,15186,86132300.97945476,77842754.17575213,1.1064909238050162,0.004683710058861742
9,9000000,160481183,18.893687253785824,66,3.4932302579939893,27116,86731584.55059743,77842754.17575213,1.1141895667614257,0.0034795909773773187
9,9000000,160481183,18.893687253785824,68,3.5990857203574436,10884,87362580.01267916,77842754.17575213,1.1222955936969203,0.0054479084458475355
9,9000000,160481183,18.893687253785824,70,3.704941182720898,15358,86997142.6735252,77842754.17575213,1.1176010355068429,0.004603773523572954
9,9000000,160481183,18.893687253785824,72,3.810796645084352,15083,88572157.33720082,77842754.17575213,1.1378343209340205,0.004572060174200654
9,9000000,160481183,18.893687253785824,74,3.9166521074478062,7519,87621380.23021679,77842754.17575213,1.1256202476133697,0.006521815440549502
9,9000000,160481183,18.893687253785824,76,4.0225075698112605,6338,87980245.52540234,77842754.17575213,1.1302303786266599,0.007061304664118522
9,9000000,160481183,18.893687253785824,78,4.128363032174715,12010,88412048.1468776,77842754.17575213,1.1357774924980466,0.005181075865777945
9,9000000,160481183,18.893687253785824,80,4.234218494538169,5881,89041163.70192145,77842754.17575213,1.143859369375417,0.007324462527020942
9,9000000,160481183,18.893687253785824,82,4.340073956901623,4222,89142541.46044528,77842754.17575213,1.1451617097100737,0.008652576974351131
9,9000000,160481183,18.893687253785824,84,4.445929419265077,8516,89813020.14255519,77842754.17575213,1.1537749543107991,0.0060979470592432364
9,9000000,160481183,18.893687253785824,86,4.551784881628532,2939,91058426.90336849,77842754.17575213,1.1697739612061802,0.010240284417159948
9,9000000,160481183,18.893687253785824,88,4.657640343991986,3017,90870954.04143189,77842754.17575213,1.167365607802942,0.010249850630026602
9,9000000,160481183,18.893687253785824,90,4.76349580635544,6174,90563376.91091675,77842754.17575213,1.16341434562354,0.007133331141608289
9,9000000,160481183,18.893687253785824,92,4.869351268718894,1963,90286767.3616913,77842754.17575213,1.159860905715685,0.012487660209522185
9,9000000,160481183,18.893687253785824,94,4.9752067310823485,1792,90884859.89285715,77842754.17575213,1.1675442480832416,0.013137922108300082
9,9000000,160481183,18.893687253785824,96,5.081062193445803,3068,92330405.76988266,77842754.17575213,1.1861143242879169,0.009801353927783125
9,9000000,160481183,18.893687253785824,98,5.186917655809257,1569,92188927.374761,77842754.17575213,1.1842968347011247,0.013690193485597125
9,9000000,160481183,18.893687253785824,100,5.292773118172711,1645,91110193.29908815,77842754.17575213,1.1704389735925966,0.013704947851372431
9,9000000,160481183,18.893687253785824,102,5.398628580536165,2026,93807916.87265548,77842754.17575213,1.2050950389147006,0.011984515967759582
9,9000000,160481183,18.893687253785824,104,5.50448404289962,999,93377788.41741742,77842754.17575213,1.1995694320705885,0.01727137881985487
9,9000000,160481183,18.893687253785824,106,5.610339505263074,791,93490874.44879898,77842754.17575213,1.201022181688443,0.019215643784378688
9,9000000,160481183,18.893687253785824,108,5.716194967626528,1411,94060340.60170092,77842754.17575213,1.2083377778403495,0.01487324120697625
9,9000000,160481183,18.893687253785824,110,5.822050429989982,819,91658959.32967032,77842754.17575213,1.177488647469027,0.019476425980208465
9,9000000,160481183,18.893687253785824,112,5.9279058923534365,617,92261102.01134522,77842754.17575213,1.1852240197339314,0.022070388760089883
9,9000000,160481183,18.893687253785824,114,6.033761354716891,968,95406722.14876033,77842754.17575213,1.2256339483229557,0.017818358443384474
9,9000000,160481183,18.893687253785824,116,6.139616817080345,381,96180483.0,77842754.17575213,1.2355739980993636,0.028027360945579644
9,9000000,160481183,18.893687253785824,118,6.245472279443799,365,94581043.60821918,77842754.17575213,1.2150269425806235,0.02860958399624516
9,9000000,160481183,18.893687253785824,120,6.351327741807253,804,92011515.72885571,77842754.17575213,1.1820177318124379,0.01871949018407843
9,9000000,160481183,18.893687253785824,122,6.457183204170708,241,92101905.25726141,77842754.17575213,1.1831789128287418,0.03538563119599148
9,9000000,160481183,18.893687253785824,124,6.563038666534162,272,96455217.69117647,77842754.17575213,1.2391033528104802,0.031897135010723755
9,9000000,160481183,18.893687253785824,126,6.668894128897616,449,97590213.94877505,77842754.17575213,1.2536839810220155,0.025723811102450176
9,9000000,160481183,18.893687253785824,128,6.77474959126107,156,98942958.61538461,77842754.17575213,1.2710618947525003,0.04076552771334187
9,9000000,160481183,18.893687253785824,130,6.8806050536245245,177,102635632.9322034,77842754.17575213,1.318499506074442,0.037314764850063104
9,9000000,160481183,18.893687253785824,132,6.986460515987979,249,92451408.91967872,77842754.17575213,1.1876687804614852,0.03430270199074409
9,9000000,160481183,18.893687253785824,134,7.092315978351433,109,99504239.66055046,77842754.17575213,1.2782723416477706,0.05145097938308668
9,9000000,160481183,18.893687253785824,136,7.198171440714887,83,93013959.38554217,77842754.17575213,1.1948955348565484,0.060485820764487344
9,9000000,160481183,18.893687253785824,138,7.304026903078341,181,95347901.1436464,77842754.17575213,1.2248783095260405,0.04020867308525814
9,9000000,160481183,18.893687253785824,140,7.409882365441796,110,92757421.94545455,77842754.17575213,1.1915999495088305,0.05017482154485487
9,9000000,160481183,18.893687253785824,142,7.51573782780525,74,103985918.86486487,77842754.17575213,1.3358458338985169,0.06276089535616107
9,9000000,160481183,18.893687253785824,144,7.621593290168704,106,97794874.73584905,77842754.17575213,1.256313137572822,0.05072407311154678
9,9000000,160481183,18.893687253785824,146,7.727448752532158,39,94225174.53846154,77842754.17575213,1.2104553023101088,0.08319187112948517
9,9000000,160481183,18.893687253785824,148,7.8333042148956125,61,89134983.6557377,77842754.17575213,1.1450646190458542,0.06649060339589556
9,9000000,160481183,18.893687253785824,150,7.939159677259067,78,96680461.48717949,77842754.17575213,1.2419969271500322,0.05728871953948273
9,9000000,160481183,18.893687253785824,152,8.045015139622521,43,101925788.62790698,77842754.17575213,1.3093805545186716,0.08220447735065285
9,9000000,160481183,18.893687253785824,154,8.150870601985975,36,106552077.16666667,77842754.17575213,1.368811757689034,0.08833038691111049
9,9000000,160481183,18.893687253785824,156,8.25672606434943,48,99580255.29166667,77842754.17575213,1.2792488696743174,0.07055357686725454
10,11691997,211733111,19.170837129165566,2,0.10432512605082324,855565,99371305.8617697,102755256.5224049,0.9670678583737724,0.0006309519221579868
10,11691997,211733111,19.170837129165566,4,0.20865025210164648,855963,99435193.9875684,102755256.5224049,0.96768960881225,0.0006305945092505776
10,11691997,211733111,19.170837129165566,6,0.31297537815246973,1504586,99949848.799388,102755256.5224049,0.9726981585374643,0.00046020758534549025
10,11691997,211733111,19.170837129165566,8,0.41730050420329295,657665,100408768.24768385,102755256.5224049,0.9771642993834636,0.0007241791483154388
10,11691997,211733111,19.170837129165566,10,0.5216256302541162,848160,100561922.53075835,102755256.5224049,0.9786547757664513,0.000631917770929671
10,11691997,211733111,19.170837129165566,12,0.6259507563049395,1071920,101317871.59531309,102755256.5224049,0.9860115679164462,0.0005549931200609342
10,11691997,211733111,19.170837129165566,14,0.7302758823557627,586544,101650294.71564281,102755256.5224049,0.989246663925936,0.0007660827227256173
10,11691997,211733111,19.170837129165566,16,0.8346010084065859,433794,102091162.18619898,102755256.5224049,0.9935371254115734,0.00089574655760466
10,11691997,211733111,19.170837129165566,18,0.9389261344574091,780003,102645134.97337958,102755256.5224049,0.9989283122562075,0.0006568953579143217
10,11691997,211733111,19.170837129165566,20,1.0432512605082325,415016,103455755.68553501,102755256.5224049,1.006817161348601,0.0009132574464370219
10,11691997,211733111,19.170837129165566,22,1.1475763865590556,359498,103310562.94832794,102755256.5224049,1.0054041656331418,0.0009838041970763902
10,11691997,211733111,19.170837129165566,24,1.251901512609879,531665,104069388.5928564,102755256.5224049,1.0127889522631377,0.0008006772678179555
10,11691997,211733111,19.170837129165566,26,1.356226638660702,248395,104697924.97796252,102755256.5224049,1.01890578177024,0.0011839429437647008
10,11691997,211733111,19.170837129165566,28,1.4605517647115254,269550,104788841.63156372,102755256.5224049,1.019790570117602,0.0011352714360677774
10,11691997,211733111,19.170837129165566,30,1.5648768907623487,469754,105582701.99386913,102755256.5224049,1.0275163097943094,0.0008492792876667293
10,11691997,211733111,19.170837129165566,32,1.6692020168131718,145341,106322854.03259231,102755256.5224049,1.0347193674652502,0.001543347017605097
10,11691997,211733111,19.170837129165566,34,1.7735271428639952,152445,106649991.24630523,102755256.5224049,1.0379030217597784,0.001507308139720878
10,11691997,211733111,19.170837129165566,36,1.8778522689148183,244531,106985466.81029809,102755256.5224049,1.041167823730466,0.0011825618611865927
10,11691997,211733111,19.170837129165566,38,1.9821773949656416,112467,107798006.49521193,102755256.5224049,1.0490753480013697,0.0017506436834923648
10,11691997,211733111,19.170837129165566,40,2.086502521016465,132190,107754300.04805204,102755256.5224049,1.0486500028789978,0.0016107364477146913
10,11691997,211733111,19.170837129165566,42,2.190827647067288,190318,108598169.4004981,102755256.5224049,1.0568624231580719,0.0013360530936958454
10,11691997,211733111,19.170837129165566,44,2.295152773118111,77136,109058403.64654636,102755256.5224049,1.0613413594346595,0.002100877358382907
10,11691997,211733111,19.170837129165566,46,2.3994778991689345,65356,109226939.496236,102755256.5224049,1.0629815271048446,0.0022821675807914326
10,11691997,211733111,19.170837129165566,48,2.503803025219758,111812,109886989.18949665,102755256.5224049,1.0694050397853538,0.0017392928617380387
10,11691997,211733111,19.170837129165566,50,2.608128151270581,62502,110674567.3809158,102755256.5224049,1.077069642240484,0.0023253774966375935
10,11691997,211733111,19.170837129165566,52,2.712453277321404,46416,110537099.47776629,102755256.5224049,1.0757318235458313,0.002688953499791824
10,11691997,211733111,19.170837129165566,54,2.8167784033722274,76904,111204354.43056278,102755256.5224049,1.082225456819483,0.002085602319220854
10,11691997,211733111,19.170837129165566,56,2.9211035294230507,38719,112092239.88080788,102755256.5224049,1.090866235698289,0.0029290950431892578
10,11691997,211733111,19.170837129165566,58,3.025428655473874,33565,111358202.41254282,102755256.5224049,1.0837226841846492,0.003160000306738032
10,11691997,211733111,19.170837129165566,60,3.1297537815246974,66733,112780211.48866378,102755256.5224049,1.0975614806048684,0.0022299586211770553
10,11691997,211733111,19.170837129165566,62,3.2340789075755203,20209,113307744.785838,102755256.5224049,1.1026953619752993,0.004046522141190768
10,11691997,211733111,19.170837129165566,64,3.3384040336263436,20885,113320500.29154895,102755256.5224049,1.1028194967995666,0.003981004345084109
10,11691997,211733111,19.170837129165566,66,3.442729159677167,37475,114189556.55783856,102755256.5224049,1.1112770326541934,0.002960237926020163
10,11691997,211733111,19.170837129165566,68,3.5470542857279903,15060,114912628.29083665,102755256.5224049,1.1183138671429518,0.004658433279465603
10,11691997,211733111,19.170837129165566,70,3.651379411778813,21358,114990389.15853545,102755256.5224049,1.1190706251943694,0.00392927193016809
10,11691997,211733111,19.170837129165566,72,3.7557045378296365,20967,115959840.01654981,102755256.5224049,1.1285051873844116,0.003893314199621398
10,11691997,211733111,19.170837129165566,74,3.86002966388046,10338,114532087.40858968,102755256.5224049,1.1146104957036134,0.005580563106434846
10,11691997,211733111,19.170837129165566,76,3.964354789931283,8859,115970350.96478158,102755256.5224049,1.1286074784845217,0.0060293191587221925
10,11691997,211733111,19.170837129165566,78,4.0686799159821065,16934,116895669.03283335,102755256.5224049,1.1376125464427727,0.004376156495085613
10,11691997,211733111,19.170837129165566,80,4.17300504203293,8309,117378801.24238777,102755256.5224049,1.1423143225455754,0.006189374137018195
10,11691997,211733111,19.170837129165566,82,4.277330168083753,5904,117040822.15752032,102755256.5224049,1.1390251566546437,0.007367747735374111
10,11691997,211733111,19.170837129165566,84,4.381655294134576,12041,118034985.31243253,102755256.5224049,1.1487002155135102,0.005129388142969209
10,11691997,211733111,19.170837129165566,86,4.485980420185399,4234,120178664.21256495,102755256.5224049,1.1695622032373694,0.008576913188981433
10,11691997,211733111,19.170837129165566,88,4.590305546236222,4322,119915006.56177695,102755256.5224049,1.1669963233037186,0.00857517490063975
10,11691997,211733111,19.170837129165566,90,4.694630672287046,8648,117963515.10314524,102755256.5224049,1.1480046772830967,0.006006412929633225
10,11691997,211733111,19.170837129165566,92,4.798955798337869,2789,118787165.81749731,102755256.5224049,1.156020332561739,0.010590300321330378
10,11691997,211733111,19.170837129165566,94,4.903280924388692,2540,119178663.19212599,102755256.5224049,1.1598303310754727,0.01109906882277076
10,11691997,211733111,19.170837129165566,96,5.007606050439516,4405,120849016.90056753,102755256.5224049,1.1760859832432753,0.008261942645240942
10,11691997,211733111,19.170837129165566,98,5.111931176490339,2285,121606686.81969365,102755256.5224049,1.1834595225128786,0.011492731664433651
10,11691997,211733111,19.170837129165566,100,5.216256302541162,2389,120601808.51192968,102755256.5224049,1.173680185262673,0.011402621521740262
10,11691997,211733111,19.170837129165566,102,5.320581428591986,2991,123764085.00334336,102755256.5224049,1.204455024413838,0.009985424362803563
10,11691997,211733111,19.170837129165566,104,5.424906554642808,1458,122479103.58024691,102755256.5224049,1.1919497622347077,0.014302523668413534
10,11691997,211733111,19.170837129165566,106,5.5292316806936315,1171,123448260.94876175,102755256.5224049,1.201381468225374,0.015912317027265144
10,11691997,211733111,19.170837129165566,108,5.633556806744455,2042,122767713.91870715,102755256.5224049,1.1947584782870813,0.012215698142805806
10,11691997,211733111,19.170837129165566,110,5.737881932795278,1183,121217452.62468301,102755256.5224049,1.179671548951392,0.016349323066648977
10,11691997,211733111,19.170837129165566,112,5.8422070588461015,916,123379294.0720524,102755256.5224049,1.2007102920827277,0.018448012817850325
10,11691997,211733111,19.170837129165566,114,5.946532184896925,1381,122480190.38450398,102755256.5224049,1.1919603388640096,0.014555435173608479
10,11691997,211733111,19.170837129165566,116,6.050857310947748,560,125593508.825,102755256.5224049,1.2222587250085393,0.023056882135859366
10,11691997,211733111,19.170837129165566,118,6.1551824369985715,540,124250533.95555556,102755256.5224049,1.2091890785992423,0.02344245372638655
10,11691997,211733111,19.170837129165566,120,6.259507563049395,1200,123317060.71833333,102755256.5224049,1.200104645658153,0.015926798974413195
10,11691997,211733111,19.170837129165566,122,6.363832689100217,365,123962756.17260274,102755256.5224049,1.2063884648623668,0.029068798075933117
10,11691997,211733111,19.170837129165566,124,6.468157815151041,393,123902760.129771,102755256.5224049,1.2058045916391156,0.026530961628766767
10,11691997,211733111,19.170837129165566,126,6.572482941201864,658,125498881.53799392,102755256.5224049,1.221337825288091,0.020700829179033563
10,11691997,211733111,19.170837129165566,128,6.676808067252687,239,129348358.19665273,102755256.5224049,1.2588004017920917,0.0335564879133136
10,11691997,211733111,19.170837129165566,130,6.781133193303511,272,131816027.43382353,102755256.5224049,1.2828154188402243,0.030309849068289794
10,11691997,211733111,19.170837129165566,132,6.885458319354334,382,124861019.78010471,102755256.5224049,1.2151302425378097,0.028173036777978236
10,11691997,211733111,19.170837129165566,134,6.989783445405157,155,125134649.58064516,102755256.5224049,1.2177931700589997,0.041756762409449234
10,11691997,211733111,19.170837129165566,136,7.094108571455981,123,122369850.12195122,102755256.5224049,1.1908865226303,0.04886398094650987
10,11691997,211733111,19.170837129165566,138,7.198433697506804,279,127914573.95340502,102755256.5224049,1.2448470110676466,0.032873715705928175
10,11691997,211733111,19.170837129165566,140,7.302758823557626,178,128378290.83146067,102755256.5224049,1.2493598398391317,0.041271336930006744
10,11691997,211733111,19.170837129165566,142,7.40708394960845,108,128977731.1111111,102755256.5224049,1.255193510056477,0.048119315743535035
10,11691997,211733111,19.170837129165566,144,7.511409075659273,152,124953192.78947368,102755256.5224049,1.2160272575664168,0.04264338149763809
10,11691997,211733111,19.170837129165566,146,7.615734201710096,61,128801802.86885247,102755256.5224049,1.253481400640252,0.07129692962747403
10,11691997,211733111,19.170837129165566,148,7.72005932776092,78,110025576.53846154,102755256.5224049,1.070753752772457,0.05930845000611778
10,11691997,211733111,19.170837129165566,150,7.824384453811743,129,132366895.65116279,102755256.5224049,1.2881763924388756,0.04677274435799954
10,11691997,211733111,19.170837129165566,152,7.928709579862566,66,131534277.54545455,102755256.5224049,1.2800734677429824,0.06423998878958956
10,11691997,211733111,19.170837129165566,154,8.033034705913389,54,132572783.8888889,102755256.5224049,1.2901800684034355,0.06735187030536925
10,11691997,211733111,19.170837129165566,156,8.137359831964213,78,134380441.15384614,102755256.5224049,1.3077719398670924,0.05978148815774182
10,11691997,211733111,19.170837129165566,160,8.34601008406586,37,137010626.2972973,102755256.5224049,1.333368539325512,0.07899955622786273
10,11691997,211733111,19.170837129165566,162,8.450335210116682,41,148005911.24390244,102755256.5224049,1.4403731376178408,0.07965402139301139
10,11691997,211733111,19.170837129165566,168,8.763310588269151,39,144037021.25641027,102755256.5224049,1.4017484470490738,0.07759929921474198
11,17562024,325619971,19.60124152620677,2,0.10203435314676415,1255140,153161488.98150325,158143457.6195128,0.9684971562339558,0.0005209777782128288
11,17562024,325619971,19.60124152620677,4,0.2040687062935283,1255358,153131798.42753065,158143457.6195128,0.9683094117997596,0.0005204783114049314
11,17562024,325619971,19.60124152620677,6,0.3061030594402925,2213905,153881278.84155598,158143457.6195128,0.9730486556819097,0.00037956439603202335
11,17562024,325619971,19.60124152620677,8,0.4081374125870566,971217,154608281.81896836,158143457.6195128,0.9776457663582269,0.0005955584615071952
11,17562024,325619971,19.60124152620677,10,0.5101717657338207,1253906,154866722.24981138,158143457.6195128,0.979279981486271,0.0005195740558574333
11,17562024,325619971,19.60124152620677,12,0.612206118880585,1591701,155867497.14210457,158143457.6195128,0.9856082539760569,0.0004551917666909343
11,17562024,325619971,19.60124152620677,14,0.7142404720273491,873543,156390752.67752704,158143457.6195128,0.9889169936691109,0.0006273134433394938
11,17562024,325619971,19.60124152620677,16,0.8162748251741132,648378,157114706.65638563,158143457.6195128,0.9934948243916464,0.0007323746263793404
11,17562024,325619971,19.60124152620677,18,0.9183091783208774,1168229,157734811.0106178,158143457.6195128,0.9974159752477514,0.000536247510931661
11,17562024,325619971,19.60124152620677,20,1.0203435314676415,625915,159053521.73489532,158143457.6195128,1.0057546744524335,0.0007429831982594158
11,17562024,325619971,19.60124152620677,22,1.1223778846144057,540807,158694754.88357398,158143457.6195128,1.0034860579903824,0.0008015095390567409
11,17562024,325619971,19.60124152620677,24,1.22441223776117,804656,159844178.15336493,158143457.6195128,1.0107542895510986,0.0006503484799136987
11,17562024,325619971,19.60124152620677,26,1.326446590907934,376874,160602301.27512643,158143457.6195128,1.0155481844941667,0.0009606269335104829
11,17562024,325619971,19.60124152620677,28,1.4284809440546982,410051,160905647.09585148,158143457.6195128,1.017466353132258,0.0009197254097200164
11,17562024,325619971,19.60124152620677,30,1.5305152972014624,719859,162208661.0150446,158143457.6195128,1.025705795590435,0.0006860732109269532
11,17562024,325619971,19.60124152620677,32,1.6325496503482264,223565,163146249.8568962,158143457.6195128,1.0316345191428653,0.0012454700290333545
11,17562024,325619971,19.60124152620677,34,1.7345840034949906,234907,163523301.994087,158143457.6195128,1.034018760279783,0.001213282070724867
11,17562024,325619971,19.60124152620677,36,1.8366183566417549,378707,164326171.72388417,158143457.6195128,1.0390956046961282,0.0009513389539062475
11,17562024,325619971,19.60124152620677,38,1.938652709788519,175115,165367516.4476087,158143457.6195128,1.0456804153446342,0.0014020937014017339
11,17562024,325619971,19.60124152620677,40,2.040687062935283,206060,165423307.49436086,158143457.6195128,1.0460332029186001,0.0012911121251893058
11,17562024,325619971,19.60124152620677,42,2.1427214160820474,298963,166808753.4022103,158143457.6195128,1.0547938935516756,0.001066687711480325
11,17562024,325619971,19.60124152620677,44,2.2447557692288114,121219,167160349.16104737,158143457.6195128,1.0570171645243072,0.0016788045883143997
11,17562024,325619971,19.60124152620677,46,2.3467901223755754,103266,167837954.61146942,158143457.6195128,1.061301916234064,0.0018201455928775728
11,17562024,325619971,19.60124152620677,48,2.44882447552234,176681,168190325.56817654,158143457.6195128,1.0635300890716335,0.0013832801760775726
11,17562024,325619971,19.60124152620677,50,2.550858828669104,99378,169385382.9980076,158143457.6195128,1.071086882427615,0.0018442215673359753
11,17562024,325619971,19.60124152620677,52,2.652893181815868,74003,169651422.9269489,158143457.6195128,1.0727691520133817,0.002140727336568445
11,17562024,325619971,19.60124152620677,54,2.7549275349626323,122990,170409034.88641354,158143457.6195128,1.0775598146868097,0.001654556309398096
11,17562024,325619971,19.60124152620677,56,2.8569618881093963,62533,171818377.3083492,158143457.6195128,1.0864716118812687,0.002312669344683907
11,17562024,325619971,19.60124152620677,58,2.9589962412561603,53912,170804377.0624351,158143457.6195128,1.080059710553338,0.0024991533596994283
11,17562024,325619971,19.60124152620677,60,3.061030594402925,107689,172238666.81795725,158143457.6195128,1.0891292590323718,0.001756335190437925
11,17562024,325619971,19.60124152620677,62,3.163064947549689,32956,173622999.87395316,158143457.6195128,1.0978829126885765,0.003176339349099898
11,17562024,325619971,19.60124152620677,64,3.265099300696453,34087,173513774.94801536,158143457.6195128,1.0971922427893475,0.003116985570463004
11,17562024,325619971,19.60124152620677,66,3.3671336538432173,61262,174377882.3205576,158143457.6195128,1.10265631563529,0.0023175907822786364
11,17562024,325619971,19.60124152620677,68,3.4691680069899813,24728,175088280.45486897,158143457.6195128,1.1071484277024268,0.003632007232522589
11,17562024,325619971,19.60124152620677,70,3.5712023601367453,35038,175304577.29208288,158143457.6195128,1.108516153187058,0.0030610418405310263
11,17562024,325619971,19.60124152620677,72,3.6732367132835098,34740,176714170.02861255,158143457.6195128,1.1174295332139519,0.0030456761632910337
11,17562024,325619971,19.60124152620677,74,3.7752710664302738,17135,176214201.8185585,158143457.6195128,1.1142680479550615,0.004392267859634098
11,17562024,325619971,19.60124152620677,76,3.877305419577038,14799,177674507.2890736,158143457.6195128,1.1235021034923351,0.00468934740076728
11,17562024,325619971,19.60124152620677,78,3.979339772723802,28350,178426015.46589065,158143457.6195128,1.1282541696740749,0.003377973877962635
11,17562024,325619971,19.60124152620677,80,4.081374125870566,14028,179271525.06244653,158143457.6195128,1.1336006418537217,0.004771892925507281
11,17562024,325619971,19.60124152620677,82,4.183408479017331,9945,179053952.95113122,158143457.6195128,1.1322248523358347,0.005692404236306508
11,17562024,325619971,19.60124152620677,84,4.285442832164095,20430,180155307.68683308,158143457.6195128,1.1391891286472309,0.003946457830341007
11,17562024,325619971,19.60124152620677,86,4.387477185310859,7117,180427283.162709,158143457.6195128,1.1409089309075957,0.006588424824335117
11,17562024,325619971,19.60124152620677,88,4.489511538457623,7346,181349343.16117615,158143457.6195128,1.146739459797925,0.0065196808323259295
11,17562024,325619971,19.60124152620677,90,4.591545891604387,14767,180741056.83381864,158143457.6195128,1.1428930387286385,0.004640194444175756
11,17562024,325619971,19.60124152620677,92,4.693580244751151,4835,182672005.1828335,158143457.6195128,1.1551031445280238,0.008103406384065506
11,17562024,325619971,19.60124152620677,94,4.795614597897916,4443,183995066.73531398,158143457.6195128,1.1634693556403655,0.008461562877336029
11,17562024,325619971,19.60124152620677,96,4.89764895104468,7739,185166247.25636387,158143457.6195128,1.1708751664066108,0.0063215947811382425
11,17562024,325619971,19.60124152620677,98,4.999683304191444,3979,184434325.50766525,158143457.6195128,1.1662469525069274,0.008745477496996721
11,17562024,325619971,19.60124152620677,100,5.101717657338208,4165,184672068.14429772,158143457.6195128,1.1677502877710677,0.008691096574608707
11,17562024,325619971,19.60124152620677,102,5.203752010484972,5307,187691164.4527982,158143457.6195128,1.1868411585155554,0.00753164962189909
11,17562024,325619971,19.60124152620677,104,5.305786363631736,2562,185394981.84777516,158143457.6195128,1.1723215404448062,0.010810171061454594
11,17562024,325619971,19.60124152620677,106,5.4078207167785,1996,184447007.8997996,158143457.6195128,1.1663271479973085,0.012308765811500665
11,17562024,325619971,19.60124152620677,108,5.509855069925265,3582,185190003.38414294,158143457.6195128,1.1710253852530725,0.00911773945142604
11,17562024,325619971,19.60124152620677,110,5.611889423072029,2103,185935494.31241083,158143457.6195128,1.175739402130467,0.012141503673192387
11,17562024,325619971,19.60124152620677,112,5.713923776218793,1615,187178656.076161,158143457.6195128,1.1836003771114312,0.013799113202571161
11,17562024,325619971,19.60124152620677,114,5.815958129365557,2454,186863314.32355338,158143457.6195128,1.1816063537268768,0.011072565440835033
11,17562024,325619971,19.60124152620677,116,5.917992482512321,1041,192709220.6426513,158143457.6195128,1.2185721973165808,0.016911995640105915
11,17562024,325619971,19.60124152620677,118,6.020026835659085,968,188998116.25619835,158143457.6195128,1.1951055016826602,0.01765877978552545
11,17562024,325619971,19.60124152620677,120,6.12206118880585,2205,189740119.13696146,158143457.6195128,1.199797462336185,0.011659710416798795
11,17562024,325619971,19.60124152620677,122,6.224095541952614,676,190306627.55621302,158143457.6195128,1.2033797061278602,0.020962015869098176
11,17562024,325619971,19.60124152620677,124,6.326129895099378,678,185711497.84955752,158143457.6195128,1.1743229890443674,0.020932670949785282
11,17562024,325619971,19.60124152620677,126,6.428164248246142,1247,193839909.66880512,158143457.6195128,1.2257219652752038,0.01530863760470029
11,17562024,325619971,19.60124152620677,128,6.530198601392906,417,189563567.37410071,158143457.6195128,1.1986810597639994,0.025809387547411973
11,17562024,325619971,19.60124152620677,130,6.63223295453967,531,198041866.95480227,158143457.6195128,1.2522925066636872,0.02201791058690943
11,17562024,325619971,19.60124152620677,132,6.734267307686435,728,194628149.7087912,158143457.6195128,1.2307063007124783,0.02033646290970529
11,17562024,325619971,19.60124152620677,134,6.836301660833199,314,200757281.13375795,158143457.6195128,1.2694630821641222,0.0309331186488309
11,17562024,325619971,19.60124152620677,136,6.938336013979963,267,203374959.56179774,158143457.6195128,1.2860156380993657,0.03386200216797906
11,17562024,325619971,19.60124152620677,138,7.040370367126727,508,191717766.0551181,158143457.6195128,1.2123028605861383,0.023769706436145316
11,17562024,325619971,19.60124152620677,140,7.142404720273491,314,187875335.6878981,158143457.6195128,1.188005741849398,0.029618504160774606
11,17562024,325619971,19.60124152620677,142,7.244439073420255,204,197336142.82352942,158143457.6195128,1.2478299500590961,0.03751538702039374
11,17562024,325619971,19.60124152620677,144,7.3464734265670195,313,197962178.1565495,158143457.6195128,1.2517886047037055,0.030070824670626876
11,17562024,325619971,19.60124152620677,146,7.4485077797137835,132,204241582.0,158143457.6195128,1.291495614642482,0.04637822138663665
11,17562024,325619971,19.60124152620677,148,7.5505421328605475,145,182207778.79310346,158143457.6195128,1.152167668114912,0.04740511732371275
11,17562024,325619971,19.60124152620677,150,7.6525764860073116,278,205918209.61870503,158143457.6195128,1.3020975557151184,0.031060630882477118
11,17562024,325619971,19.60124152620677,152,7.754610839154076,112,190965380.9642857,158143457.6195128,1.207545249350379,0.05050683528020883
11,17562024,325619971,19.60124152620677,154,7.85664519230084,92,190784168.5652174,158143457.6195128,1.2063993758391,0.05443600609323964
11,17562024,325619971,19.60124152620677,156,7.958679545447604,153,206130645.41830066,158143457.6195128,1.3034408664204322,0.043888678527804786
11,17562024,325619971,19.60124152620677,158,8.060713898594368,55,202430557.83636364,158143457.6195128,1.2800438341458547,0.06918994982945807
11,17562024,325619971,19.60124152620677,160,8.162748251741132,65,195374532.81538463,158143457.6195128,1.2354259591658125,0.0619338197287905
11,17562024,325619971,19.60124152620677,162,8.264782604887897,73,205411437.65753424,158143457.6195128,1.2988930478031309,0.05832191361335493
11,17562024,325619971,19.60124152620677,164,8.366816958034661,48,202356318.75,158143457.6195128,1.279574392744477,0.07658079101299482
11,17562024,325619971,19.60124152620677,166,8.468851311181425,32,220269425.3125,158143457.6195128,1.392845639194635,0.07146657900157677
11,17562024,325619971,19.60124152620677,168,8.57088566432819,89,215003094.5505618,158143457.6195128,1.3595446677778549,0.05044976252342508
11,17562024,325619971,19.60124152620677,170,8.672920017474953,37,187473881.16216215,158143457.6195128,1.1854671953184257,0.08498941880696775
11,17562024,325619971,19.60124152620677,174,8.87698872376848,39,225100952.53846154,158143457.6195128,1.42339718586428,0.07609934351222697
12,26379128,500465113,20.031048449994387,2,0.0998449983780335,1841687,235725559.18991175,243238163.84064078,0.9691142025901373,0.00042974560040512366
12,26379128,500465113,20.031048449994387,4,0.199689996756067,1842809,235788994.17136937,243238163.84064078,0.969374996293132,0.0004296126793333068
12,26379128,500465113,20.031048449994387,6,0.2995349951341005,3260194,236856768.94598666,243238163.84064078,0.9737648287016549,0.0003129506698188715
12,26379128,500465113,20.031048449994387,8,0.399379993512134,1435303,237985077.3453403,243238163.84064078,0.9784035267642373,0.0004896649340156455
12,26379128,500465113,20.031048449994387,10,0.4992249918901675,1853942,238221316.776623,243238163.84064078,0.9793747535962136,0.00042686668274162097
12,26379128,500465113,20.031048449994387,12,0.599069990268201,2362645,239635944.66156998,243238163.84064078,0.9851905674578648,0.0003735062392166503
12,26379128,500465113,20.031048449994387,14,0.6989149886462345,1298367,240248612.0212367,243238163.84064078,0.9877093636450787,0.0005143669253309782
12,26379128,500465113,20.031048449994387,16,0.798759987024268,967996,241501532.04851672,243238163.84064078,0.992860364653707,0.0005990626441362167
12,26379128,500465113,20.031048449994387,18,0.8986049854023015,1749667,242468911.9975704,243238163.84064078,0.9968374541604649,0.0004381016674247294
12,26379128,500465113,20.031048449994387,20,0.998449983780335,943647,244482253.9671498,243238163.84064078,1.0051146995474118,0.0006048091722945751
12,26379128,500465113,20.031048449994387,22,1.0982949821583685,813427,243854451.28429842,243238163.84064078,1.0025336790655162,0.0006534222107579134
12,26379128,500465113,20.031048449994387,24,1.198139980536402,1216555,245498844.79813817,243238163.84064078,1.0092941046824317,0.0005288232985451882
12,26379128,500465113,20.031048449994387,26,1.2979849789144355,571899,246666576.97507253,243238163.84064078,1.014094881659598,0.0007800779537685915
12,26379128,500465113,20.031048449994387,28,1.397829977292469,621973,246762482.04637983,243238163.84064078,1.0144891662973086,0.0007463127332707796
12,26379128,500465113,20.031048449994387,30,1.4976749756705026,1102034,249153169.41434476,243238163.84064078,1.0243177529393752,0.0005542989251324956
12,26379128,500465113,20.031048449994387,32,1.597519974048536,343725,250340883.48480034,243238163.84064078,1.0292006794164625,0.001003626862571706
12,26379128,500465113,20.031048449994387,34,1.6973649724265696,361025,250673739.29145905,243238163.84064078,1.0305691151972753,0.0009787575294078921
12,26379128,500465113,20.031048449994387,36,1.797209970804603,584523,251925665.76806217,243238163.84064078,1.03571603152338,0.0007650749852893867
12,26379128,500465113,20.031048449994387,38,1.8970549691826364,271776,253419951.75618157,243238163.84064078,1.041859335536719,0.001124990617607351
12,26379128,500465113,20.031048449994387,40,1.99689996756067,320215,253750824.42905235,243238163.84064078,1.0432196182639293,0.0010361702816384431
12,26379128,500465113,20.031048449994387,42,2.0967449659387034,467437,255607186.80433726,243238163.84064078,1.0508514896198613,0.0008524930986663357
12,26379128,500465113,20.031048449994387,44,2.196589964316737,190135,256427755.2206327,243238163.84064078,1.0542250079992923,0.0013428375405837743
12,26379128,500465113,20.031048449994387,46,2.2964349626947707,162554,257343580.5588297,243238163.84064078,1.0579901463465666,0.0014503608916511296
12,26379128,500465113,20.031048449994387,48,2.396279961072804,278684,257839402.87318972,243238163.84064078,1.0600285695385985,0.001103076681717178
12,26379128,500465113,20.031048449994387,50,2.4961249594508375,157316,259143951.06432912,243238163.84064078,1.0653918240975915,0.0014662983535426613
12,26379128,500465113,20.031048449994387,52,2.595969957828871,117493,259833572.42905533,243238163.84064078,1.068226993356549,0.0016989345275702232
12,26379128,500465113,20.031048449994387,54,2.6958149562069047,195251,260363265.10939765,243238163.84064078,1.070404664294278,0.0013131031504744128
12,26379128,500465113,20.031048449994387,56,2.795659954584938,99903,262293234.48151708,243238163.84064078,1.0783391485119103,0.0018316941825482075
12,26379128,500465113,20.031048449994387,58,2.8955049529629715,86338,262048696.49195024,243238163.84064078,1.0773338046723346,0.0019788768396831165
12,26379128,500465113,20.031048449994387,60,2.995349951341005,173789,264036980.29887393,243238163.84064078,1.0855080310171212,0.0013860483940108617
12,26379128,500465113,20.031048449994387,62,3.0951949497190383,53466,265701399.43294805,243238163.84064078,1.092350785903088,0.002495494006717901
12,26379128,500465113,20.031048449994387,64,3.195039948097072,55099,265051429.424799,243238163.84064078,1.0896786311807933,0.002455575770671457
12,26379128,500465113,20.031048449994387,66,3.2948849464751055,99786,266806686.62146994,243238163.84064078,1.0968948392336584,0.0018207749888771293
12,26379128,500465113,20.031048449994387,68,3.394729944853139,40556,268324267.7131374,243238163.84064078,1.1031339140059122,0.0028519283038049687
12,26379128,500465113,20.031048449994387,70,3.4945749432311723,57404,268226511.033482,243238163.84064078,1.1027320170415877,0.002395650098291407
12,26379128,500465113,20.031048449994387,72,3.594419941609206,56964,269008636.33968824,243238163.84064078,1.1059474882236455,0.0023865204250266697
12,26379128,500465113,20.031048449994387,74,3.6942649399872396,28342,270330302.8053066,243238163.84064078,1.1113811193806553,0.00341469748268651
12,26379128,500465113,20.031048449994387,76,3.7941099383652728,24429,270711660.4923247,243238163.84064078,1.1129489559446082,0.0036461932026849507
12,26379128,500465113,20.031048449994387,78,3.8939549367433064,47099,272068296.8793605,243238163.84064078,1.1185263553362785,0.0026186754236285836
12,26379128,500465113,20.031048449994387,80,3.99379993512134,23626,274880828.46880555,243238163.84064078,1.1300892266597429,0.0036991732358118636
12,26379128,500465113,20.031048449994387,82,4.093644933499373,16790,274808763.9531864,243238163.84064078,1.1297929552421277,0.004389314431848107
12,26379128,500465113,20.031048449994387,84,4.193489931877407,34110,273935756.36886543,243238163.84064078,1.1262038491144688,0.0030611577964841184
12,26379128,500465113,20.031048449994387,86,4.29333493025544,12004,275602325.94218594,243238163.84064078,1.13305544487973,0.005145834092544989
12,26379128,500465113,20.031048449994387,88,4.393179928633474,12415,276809816.196617,243238163.84064078,1.1380196751442793,0.0050657183714780014
12,26379128,500465113,20.031048449994387,90,4.493024927011508,25012,276587772.3850952,243238163.84064078,1.1371068093011245,0.003580836084532269
12,26379128,500465113,20.031048449994387,92,4.592869925389541,8240,278130064.6024272,243238163.84064078,1.143447476378115,0.006185493514946783
12,26379128,500465113,20.031048449994387,94,4.692714923767574,7613,280442988.10547745,243238163.84064078,1.1529563604550628,0.006448983342266534
12,26379128,500465113,20.031048449994387,96,4.792559922145608,13202,280074630.0278746,243238163.84064078,1.1514419678458332,0.0048475913824769755
12,26379128,500465113,20.031048449994387,98,4.892404920523641,6871,281056068.50021833,243238163.84064078,1.1554768547108183,0.006711852839010883
12,26379128,500465113,20.031048449994387,100,4.992249918901675,7166,280930262.1956461,243238163.84064078,1.1549596402137765,0.006607174205917496
12,26379128,500465113,20.031048449994387,102,5.0920949172797085,9289,284677255.5492518,243238163.84064078,1.1703642679023023,0.0057086434973447064
12,26379128,500465113,20.031048449994387,104,5.191939915657742,4328,278877007.0961183,243238163.84064078,1.1465183040882785,0.008419132070519185
12,26379128,500465113,20.031048449994387,106,5.291784914035776,3590,287159808.80779946,243238163.84064078,1.1805705333145593,0.009345516697053247
12,26379128,500465113,20.031048449994387,108,5.391629912413809,6348,284997532.9300567,243238163.84064078,1.1716809912969697,0.006963768308195
12,26379128,500465113,20.031048449994387,110,5.491474910791842,3731,285384461.71884215,243238163.84064078,1.1732717317575783,0.009100864617754627
12,26379128,500465113,20.031048449994387,112,5.591319909169876,2857,286295501.72523624,243238163.84064078,1.1770171966632867,0.010370110740904303
12,26379128,500465113,20.031048449994387,114,5.691164907547909,4449,288899741.005844,243238163.84064078,1.187723737279643,0.008296291792866435
12,26379128,500465113,20.031048449994387,116,5.791009905925943,1914,294755199.8338558,243238163.84064078,1.2117966818190864,0.012467537601570869
12,26379128,500465113,20.031048449994387,118,5.890854904303977,1709,286046404.02282035,243238163.84064078,1.1759931069461027,0.013249773959423825
12,26379128,500465113,20.031048449994387,120,5.99069990268201,3867,286858785.8900957,243238163.84064078,1.1793329688100807,0.008833349264805475
12,26379128,500465113,20.031048449994387,122,6.090544901060044,1209,290121788.8560794,243238163.84064078,1.1927478166878236,0.01581561478242263
12,26379128,500465113,20.031048449994387,124,6.190389899438077,1235,289098297.059919,243238163.84064078,1.18854004032576,0.015807746478758204
12,26379128,500465113,20.031048449994387,126,6.29023489781611,2285,294977840.2358862,243238163.84064078,1.2127120003633272,0.011351650588205227
12,26379128,500465113,20.031048449994387,128,6.390079896194144,783,295633652.4099617,243238163.84064078,1.2154081733804247,0.019506314245773305
12,26379128,500465113,20.031048449994387,130,6.4899248945721775,1030,302794522.85048544,243238163.84064078,1.2448479221741842,0.01632576000349687
12,26379128,500465113,20.031048449994387,132,6.589769892950211,1336,297059915.3053892,243238163.84064078,1.2212718210618057,0.015017060981577898
12,26379128,500465113,20.031048449994387,134,6.689614891328245,574,298615423.9163763,243238163.84064078,1.2276668233362273,0.022281233288135565
12,26379128,500465113,20.031048449994387,136,6.789459889706278,484,300034432.4338843,243238163.84064078,1.2335006468411511,0.024187593425448566
12,26379128,500465113,20.031048449994387,138,6.889304888084311,989,298884590.4115268,243238163.84064078,1.2287734198131144,0.017045524388639
12,26379128,500465113,20.031048449994387,140,6.989149886462345,568,290354685.69014084,243238163.84064078,1.1937053014442618,0.023079834543388206
12,26379128,500465113,20.031048449994387,142,7.088994884840378,368,298364119.5706522,243238163.84064078,1.2266336616737805,0.028443779447417855
12,26379128,500465113,20.031048449994387,144,7.188839883218412,601,300210248.02163064,243238163.84064078,1.2342234593512043,0.0214238956359425
12,26379128,500465113,20.031048449994387,146,7.288684881596446,246,301736927.4878049,243238163.84064078,1.240499939333081,0.033289001360849245
12,26379128,500465113,20.031048449994387,148,7.388529879974479,270,294524518.6888889,243238163.84064078,1.2108483061969204,0.03555450448018913
12,26379128,500465113,20.031048449994387,150,7.488374878352513,542,308408839.2472325,243238163.84064078,1.2679294826830247,0.022200065580246852
12,26379128,500465113,20.031048449994387,152,7.5882198767305455,195,283403979.61538464,243238163.84064078,1.165129579752373,0.03816877116736666
12,26379128,500465113,20.031048449994387,154,7.688064875108579,200,309961878.94,243238163.84064078,1.2743143347483652,0.03757345079415754
12,26379128,500465113,20.031048449994387,156,7.787909873486613,290,305785585.6689655,243238163.84064078,1.257144770543915,0.030682138981318247
12,26379128,500465113,20.031048449994387,158,7.887754871864646,113,311546635.4424779,243238163.84064078,1.2808295808654018,0.04903011247799421
12,26379128,500465113,20.031048449994387,160,7.98759987024268,122,299930302.59016395,243238163.84064078,1.2330725485440903,0.0486049565539976
12,26379128,500465113,20.031048449994387,162,8.087444868620713,155,314982195.58064514,243238163.84064078,1.2949538452650382,0.04068588680041889
12,26379128,500465113,20.031048449994387,164,8.187289866998746,90,298959197.53333336,243238163.84064078,1.2290801443855603,0.054272977126994554
12,26379128,500465113,20.031048449994387,166,8.28713486537678,62,308109238.67741936,243238163.84064078,1.2666977657308716,0.05704223470229609
12,26379128,500465113,20.031048449994387,168,8.386979863754814,163,307319492.595092,243238163.84064078,1.2634509640371836,0.0392860763340687
12,26379128,500465113,20.031048449994387,170,8.486824862132847,66,289315660.09090906,243238163.84064078,1.1894336625582171,0.0685191684785937
12,26379128,500465113,20.031048449994387,172,8.58666986051088,56,337475934.46428573,243238163.84064078,1.3874300362067586,0.06356254089647065
12,26379128,500465113,20.031048449994387,174,8.686514858888915,88,329780811.9318182,243238163.84064078,1.35579387183615,0.049460152227093795
12,26379128,500465113,20.031048449994387,176,8.786359857266948,46,283847899.4782609,243238163.84064078,1.1669546217435922,0.08187452875020666
12,26379128,500465113,20.031048449994387,178,8.886204855644982,35,283381138.6,243238163.84064078,1.1650356758393359,0.10548562056547257
12,26379128,500465113,20.031048449994387,180,8.986049854023015,64,327246280.4375,243238163.84064078,1.3453739136589509,0.06454337461957932
12,26379128,500465113,20.031048449994387,184,9.185739850779083,31,312536847.9032258,243238163.84064078,1.284900539324851,0.09084264963131647
12,26379128,500465113,20.031048449994387,186,9.285584849157116,33,350501983.1212121,243238163.84064078,1.4409826878599774,0.07587630552939602
13,39622904,768813691,20.460359223734425,2,0.09774999442238336,2704782,362703623.04491526,373904165.2612465,0.9700443502454554,0.00035452033372415626
13,39622904,768813691,20.460359223734425,4,0.19549998884476671,2705674,362684986.8614763,373904165.2612465,0.9699945081062914,0.0003544290188271295
13,39622904,768813691,20.460359223734425,6,0.29324998326715007,4801744,364255238.47177607,373904165.2612465,0.9741941179426853,0.00025793675494533406
13,39622904,768813691,20.460359223734425,8,0.39099997768953343,2120995,366003221.52676785,373904165.2612465,0.9788690673478904,0.00040265546016562763
13,39622904,768813691,20.460359223734425,10,0.4887499721119168,2742045,366364690.4375103,373904165.2612465,0.9798358094821747,0.00035095243314000045
13,39622904,768813691,20.460359223734425,12,0.5864999665343001,3507795,368361347.16361845,373904165.2612465,0.9851758321714461,0.0003065010898758944
13,39622904,768813691,20.460359223734425,14,0.6842499609566836,1932139,369363578.7335357,373904165.2612465,0.9878562825730003,0.00042159239170754177
13,39622904,768813691,20.460359223734425,16,0.7819999553790669,1444478,370983192.92980164,373904165.2612465,0.9921879117623523,0.0004900597312460504
13,39622904,768813691,20.460359223734425,18,0.8797499498014503,2617566,372320996.86467046,373904165.2612465,0.9957658444498207,0.00035794264123353235
13,39622904,768813691,20.460359223734425,20,0.9774999442238336,1420224,375228134.42443305,373904165.2612465,1.0035409318381396,0.0004924586660958438
13,39622904,768813691,20.460359223734425,22,1.0752499386462169,1222493,374440992.75860476,373904165.2612465,1.0014357355366266,0.0005326374988961824
13,39622904,768813691,20.460359223734425,24,1.1729999330686003,1838526,377020314.02040005,373904165.2612465,1.0083340841014068,0.00043001634888571174
13,39622904,768813691,20.460359223734425,26,1.2707499274909837,867473,378770789.6100409,373904165.2612465,1.0130156997459339,0.0006330629817431329
13,39622904,768813691,20.460359223734425,28,1.3684999219133671,944285,379066905.86808115,373904165.2612465,1.0138076573798729,0.0006060008881128836
13,39622904,768813691,20.460359223734425,30,1.4662499163357503,1682151,382004107.6104101,373904165.2612465,1.0216631508865492,0.0004481483500792531
13,39622904,768813691,20.460359223734425,32,1.5639999107581337,526674,383825733.6299571,373904165.2612465,1.026535057082818,0.0008113175612768044
13,39622904,768813691,20.460359223734425,34,1.6617499051805171,554130,384340264.54322994,373904165.2612465,1.0279111608042444,0.0007899148300835479
13,39622904,768813691,20.460359223734425,36,1.7594998996029005,899717,386009071.37661844,373904165.2612465,1.0323743548214133,0.0006164987190185291
13,39622904,768813691,20.460359223734425,38,1.857249894025284,420475,388221165.5111267,373904165.2612465,1.0382905610047883,0.0009047341134320569
13,39622904,768813691,20.460359223734425,40,1.9549998884476671,496484,389054343.67146975,373904165.2612465,1.040518881087184,0.0008321917898177582
13,39622904,768813691,20.460359223734425,42,2.052749882870051,727905,391294253.4239097,373904165.2612465,1.046509479643033,0.000682947867430567
13,39622904,768813691,20.460359223734425,44,2.1504998772924337,297099,392730119.43957067,373904165.2612465,1.0503496776110277,0.0010741442610045298
13,39622904,768813691,20.460359223734425,46,2.248249871714817,254626,393818784.3177523,373904165.2612465,1.0532612923490474,0.0011583256508385731
13,39622904,768813691,20.460359223734425,48,2.3459998661372006,438125,395099450.06312585,373904165.2612465,1.0566864099710422,0.0008806227614994951
13,39622904,768813691,20.460359223734425,50,2.443749860559584,248196,396802001.2822608,373904165.2612465,1.0612398527441265,0.0011696036375128474
13,39622904,768813691,20.460359223734425,52,2.5414998549819674,185833,397740558.05499023,373904165.2612465,1.063750006039888,0.0013512990059878164
13,39622904,768813691,20.460359223734425,54,2.639249849404351,310149,399208775.1484512,373904165.2612465,1.0676767263866247,0.0010439166622270243
13,39622904,768813691,20.460359223734425,56,2.7369998438267342,159392,401349720.1175467,373904165.2612465,1.0734026454001229,0.001452609151714784
13,39622904,768813691,20.460359223734425,58,2.8347498382491176,136849,400007819.27004945,373904165.2612465,1.0698137555931326,0.0015714658805813248
13,39622904,768813691,20.460359223734425,60,2.9324998326715006,278761,403889053.0065217,373904165.2612465,1.0801940457772776,0.0010949070497361401
13,39622904,768813691,20.460359223734425,62,3.030249827093884,86343,406758740.742469,373904165.2612465,1.0878689742818646,0.0019685975873100334
13,39622904,768813691,20.460359223734425,64,3.1279998215162674,88982,406172386.90746444,373904165.2612465,1.0863007814413412,0.0019382259599436966
13,39622904,768813691,20.460359223734425,66,3.225749815938651,161859,408061785.1802804,373904165.2612465,1.0913539433163788,0.0014308442247960695
13,39622904,768813691,20.460359223734425,68,3.3234998103610343,65782,409245680.85537076,373904165.2612465,1.0945202511168368,0.002241156152191305
13,39622904,768813691,20.460359223734425,70,3.4212498047834177,93354,409997096.90558517,373904165.2612465,1.0965298998986026,0.0018839076324458281
13,39622904,768813691,20.460359223734425,72,3.518999799205801,93635,412961970.92453676,373904165.2612465,1.1044594024139864,0.0018776752243899692
13,39622904,768813691,20.460359223734425,74,3.6167497936281845,46322,412156922.7407711,373904165.2612465,1.102306315450638,0.002664379936043546
13,39622904,768813691,20.460359223734425,76,3.714499788050568,40456,415539496.44537276,373904165.2612465,1.111352948301701,0.0028487050147056638
13,39622904,768813691,20.460359223734425,78,3.812249782472951,77924,415945946.33396643,373904165.2612465,1.1124399912564369,0.0020434716337937916
13,39622904,768813691,20.460359223734425,80,3.9099997768953343,39391,419484759.50346524,373904165.2612465,1.12190448376089,0.002864810273063149
13,39622904,768813691,20.460359223734425,82,4.007749771317718,27981,419245807.7987563,373904165.2612465,1.1212654117020324,0.0033971468683632313
13,39622904,768813691,20.460359223734425,84,4.105499765740102,56955,419357799.82665265,373904165.2612465,1.1215649323768504,0.002384241609117931
13,39622904,768813691,20.460359223734425,86,4.2032497601624845,20252,422884104.4117124,373904165.2612465,1.130995970896028,0.003992666956837417
13,39622904,768813691,20.460359223734425,88,4.3009997545848675,21175,425457836.5431405,373904165.2612465,1.1378793714316433,0.0038917580763865533
13,39622904,768813691,20.460359223734425,90,4.398749749007251,42270,423618779.58429146,373904165.2612465,1.1329608465000902,0.002758327083284392
13,39622904,768813691,20.460359223734425,92,4.496499743429634,14021,425957976.0912203,373904165.2612465,1.1392169857043553,0.004768146434509661
13,39622904,768813691,20.460359223734425,94,4.594249737852018,12806,425120444.6628143,373904165.2612465,1.136977022884415,0.004973294501542847
13,39622904,768813691,20.460359223734425,96,4.691999732274401,22447,427250464.74544483,373904165.2612465,1.1426737234845332,0.0037518725445013683
13,39622904,768813691,20.460359223734425,98,4.789749726696785,11725,428547532.19658846,373904165.2612465,1.1461427071751467,0.005180313483476451
13,39622904,768813691,20.460359223734425,100,4.887499721119168,12177,427564718.27568364,373904165.2612465,1.1435141889284506,0.005089284136023689
13,39622904,768813691,20.460359223734425,102,4.985249715541551,16157,434094802.7042768,373904165.2612465,1.1609787828947429,0.004364891596607761
13,39622904,768813691,20.460359223734425,104,5.082999709963935,7433,428102800.92250776,373904165.2612465,1.1449532813398662,0.006514325845648164
13,39622904,768813691,20.460359223734425,106,5.180749704386318,6235,434484998.8120289,373904165.2612465,1.162022355403435,0.006996102656833202
13,39622904,768813691,20.460359223734425,108,5.278499698808702,11088,434585849.62752527,373904165.2612465,1.1622920791050309,0.005263138658014214
13,39622904,768813691,20.460359223734425,110,5.376249693231085,6429,432535152.2468502,373904165.2612465,1.1568075256520298,0.006922878688976475
13,39622904,768813691,20.460359223734425,112,5.4739996876534684,5144,441373087.440902,373904165.2612465,1.1804444251978712,0.007724813182634164
13,39622904,768813691,20.460359223734425,114,5.571749682075851,7709,435409890.0797769,373904165.2612465,1.1644959605506304,0.006259602616613266
13,39622904,768813691,20.460359223734425,116,5.669499676498235,3328,441065212.19591343,373904165.2612465,1.179621018363734,0.009464533710720471
13,39622904,768813691,20.460359223734425,118,5.767249670920618,3165,448818511.056872,373904165.2612465,1.2003570774433148,0.009916103716063641
13,39622904,768813691,20.460359223734425,120,5.864999665343001,6813,439330397.4958168,373904165.2612465,1.1749812874880843,0.006736313355809117
13,39622904,768813691,20.460359223734425,122,5.962749659765385,2133,439100757.0872011,373904165.2612465,1.1743671183240278,0.011832175747053725
13,39622904,768813691,20.460359223734425,124,6.060499654187768,2201,441229379.80872333,373904165.2612465,1.180060081706864,0.011740911950211643
13,39622904,768813691,20.460359223734425,126,6.158249648610152,4162,449241390.264296,373904165.2612465,1.2014880603173046,0.008406456841291909
13,39622904,768813691,20.460359223734425,128,6.255999643032535,1428,451668569.18487394,373904165.2612465,1.2079795069126698,0.014504248088215736
13,39622904,768813691,20.460359223734425,130,6.353749637454919,1940,461574047.2525773,373904165.2612465,1.2344715307733358,0.012138191538877163
13,39622904,768813691,20.460359223734425,132,6.451499631877302,2443,451653796.1887024,373904165.2612465,1.2079399967987312,0.01099577283212987
13,39622904,768813691,20.460359223734425,134,6.5492496262996855,1027,448863110.5754625,373904165.2612465,1.2004763580577988,0.016860275894694715
13,39622904,768813691,20.460359223734425,136,6.6469996207220685,879,453558485.7713311,373904165.2612465,1.213034055008267,0.018197041630569212
13,39622904,768813691,20.460359223734425,138,6.7447496151444515,1804,452349453.70731705,373904165.2612465,1.2098005203853797,0.012694024978862559
13,39622904,768813691,20.460359223734425,140,6.842499609566835,1069,451064584.28157157,373904165.2612465,1.2063641600954436,0.016676307311720654
13,39622904,768813691,20.460359223734425,142,6.940249603989218,668,447928015.3682635,373904165.2612465,1.197975462657113,0.020715049954361006
13,39622904,768813691,20.460359223734425,144,7.037999598411602,1057,445499962.32261115,373904165.2612465,1.1914816782298767,0.016389402621855002
13,39622904,768813691,20.460359223734425,146,7.135749592833985,462,457131189.3766234,373904165.2612465,1.2225891868768732,0.02462625678153383
13,39622904,768813691,20.460359223734425,148,7.233499587256369,495,451564184.1636364,373904165.2612465,1.2077003310410541,0.025108958425479982
13,39622904,768813691,20.460359223734425,150,7.331249581678752,1024,464167010.6738281,373904165.2612465,1.2414063650494909,0.016374387520106767
13,39622904,768813691,20.460359223734425,152,7.428999576101136,357,444045814.1092437,373904165.2612465,1.1875925848512259,0.02933740393696909
13,39622904,768813691,20.460359223734425,154,7.526749570523519,397,473718740.32997483,373904165.2612465,1.2669522951128078,0.02638215221024477
13,39622904,768813691,20.460359223734425,156,7.624499564945902,546,464312080.73626375,373904165.2612465,1.2417943523358435,0.02285138613640233
13,39622904,768813691,20.460359223734425,158,7.722249559368286,203,457015552.37931037,373904165.2612465,1.222279917796567,0.03682882908128033
13,39622904,768813691,20.460359223734425,160,7.819999553790669,254,471884727.6692913,373904165.2612465,1.2620472610664444,0.03324319299949059
13,39622904,768813691,20.460359223734425,162,7.917749548213052,356,500567097.9775281,373904165.2612465,1.3387577472633456,0.027183383907317497
13,39622904,768813691,20.460359223734425,164,8.015499542635435,175,464989537.88,373904165.2612465,1.2436061993455254,0.040618828296621154
13,39622904,768813691,20.460359223734425,166,8.113249537057818,125,478810219.48,373904165.2612465,1.2805693650014724,0.04644288563193583
13,39622904,768813691,20.460359223734425,168,8.210999531480203,288,451060253.9722222,373904165.2612465,1.2063525787605678,0.030694909981464583
13,39622904,768813691,20.460359223734425,170,8.308749525902586,132,465239836.95454544,373904165.2612465,1.2442756197419806,0.04805179855559951
13,39622904,768813691,20.460359223734425,172,8.406499520324969,98,468264090.63265306,373904165.2612465,1.252363932093341,0.04913847446502699
13,39622904,768813691,20.460359223734425,174,8.504249514747352,176,490227262.0113636,373904165.2612465,1.3111040409748906,0.037723598027824594
13,39622904,768813691,20.460359223734425,176,8.601999509169735,89,453734649.98876405,373904165.2612465,1.2135052030558153,0.058749746429371745
13,39622904,768813691,20.460359223734425,178,8.69974950359212,73,464351180.2328767,373904165.2612465,1.2418989232399564,0.06631074500392285
13,39622904,768813691,20.460359223734425,180,8.797499498014503,123,481909323.03252035,373904165.2612465,1.288857862002716,0.046815418780960225
13,39622904,768813691,20.460359223734425,182,8.895249492436886,54,461669390.8888889,373904165.2612465,1.2347265256227378,0.07586825219251686
13,39622904,768813691,20.460359223734425,184,8.992999486859269,62,480259949.16129035,373904165.2612465,1.2844466410951403,0.06627825025977849
13,39622904,768813691,20.460359223734425,186,9.090749481281653,66,489224748.3636364,373904165.2612465,1.3084228361612809,0.05454575506553813
13,39622904,768813691,20.460359223734425,190,9.28624947012642,39,484711675.15384614,373904165.2612465,1.2963527026107842,0.06864243186963062
13,39622904,768813691,20.460359223734425,192,9.383999464548802,49,499795976.06122446,373904165.2612465,1.336695395495307,0.07551815579158418
13,39622904,768813691,20.460359223734425,198,9.677249447815953,45,444908167.4,373904165.2612465,1.1898989332979029,0.07995674467921467
13,39622904,768813691,20.460359223734425,210,10.263749414350253,32,478809475.25,373904165.2612465,1.2805673745716533,0.09791848367154989
14,59515785,1180371793,20.88909530461064,2,0.0957437347494202,3974448,557727531.7314701,574443523.352884,0.9709005481968935,0.0002923996622861065
14,59515785,1180371793,20.88909530461064,4,0.1914874694988404,3973999,557491824.1520491,574443523.352884,0.9704902248668552,0.0002923523518987609
14,59515785,1180371793,20.88909530461064,6,0.2872312042482606,7074415,559880083.2725374,574443523.352884,0.974647742574686,0.00021259127615705966
14,59515785,1180371793,20.88909530461064,8,0.3829749389976808,3133823,562228479.6958414,574443523.352884,0.9787358666945247,0.0003309019794273375
14,59515785,1180371793,20.88909530461064,10,0.47871867374710103,4055222,562964765.41958,574443523.352884,0.9800176040521696,0.0002884935607478302
14,59515785,1180371793,20.88909530461064,12,0.5744624084965212,5207841,565930566.1473,574443523.352884,0.9851805149514159,0.00025150563899597247
14,59515785,1180371793,20.88909530461064,14,0.6702061432459414,2874772,567528369.2169152,574443523.352884,0.9879619947743395,0.000345546146801368
14,59515785,1180371793,20.88909530461064,16,0.7659498779953616,2155988,569947729.2093527,574443523.352884,0.9921736533518726,0.0004010508652943113
14,59515785,1180371793,20.88909530461064,18,0.8616936127447818,3916424,571781233.3141003,574443523.352884,0.9953654451124374,0.000292550366509291
14,59515785,1180371793,20.88909530461064,20,0.9574373474942021,2136116,575846770.3234384,574443523.352884,1.0024427936141815,0.00040138795091836175
14,59515785,1180371793,20.88909530461064,22,1.0531810822436223,1836397,574735044.1090586,574443523.352884,1.0005074837548398,0.0004342762828861854
14,59515785,1180371793,20.88909530461064,24,1.1489248169930424,2775823,578546810.4313153,574443523.352884,1.0071430643947057,0.00034966147705588885
14,59515785,1180371793,20.88909530461064,26,1.2446685517424627,1314790,581306979.5369071,574443523.352884,1.0119480086466337,0.0005138768851831537
14,59515785,1180371793,20.88909530461064,28,1.3404122864918828,1432431,581815355.8532851,574443523.352884,1.0128329978504649,0.0004916696566328986
14,59515785,1180371793,20.88909530461064,30,1.4361560212413031,2563897,585738017.8455324,574443523.352884,1.019661627354984,0.0003629338063819976
14,59515785,1180371793,20.88909530461064,32,1.5318997559907233,806520,588760113.5489957,574443523.352884,1.0249225374020223,0.0006558257725935744
14,59515785,1180371793,20.88909530461064,34,1.6276434907401436,848400,589056520.1195756,574443523.352884,1.0254385264566988,0.0006386806480972544
14,59515785,1180371793,20.88909530461064,36,1.7233872254895637,1382851,591585986.6057189,574443523.352884,1.0298418600888362,0.0004972741455652965
14,59515785,1180371793,20.88909530461064,38,1.8191309602389838,648721,594505264.5647435,574443523.352884,1.0349237834465677,0.0007286686579984952
14,59515785,1180371793,20.88909530461064,40,1.9148746949884041,767256,595677155.5488989,574443523.352884,1.0369638290498593,0.0006690151878877532
14,59515785,1180371793,20.88909530461064,42,2.0106184297378245,1131882,599623370.476373,574443523.352884,1.0438334598613288,0.0005481220238731376
14,59515785,1180371793,20.88909530461064,44,2.1063621644872446,462541,601035828.8104904,574443523.352884,1.046292288756941,0.000860911912126267
14,59515785,1180371793,20.88909530461064,46,2.2021058992366647,397851,603084762.6916232,574443523.352884,1.0498591039403966,0.0009276078462171784
14,59515785,1180371793,20.88909530461064,48,2.2978496339860848,686677,605025700.9350116,574443523.352884,1.0532379186793281,0.0007035993308139382
14,59515785,1180371793,20.88909530461064,50,2.3935933687355053,390234,606997209.8913883,574443523.352884,1.0566699513792,0.0009326577199901034
14,59515785,1180371793,20.88909530461064,52,2.4893371034849254,292949,608855875.1557609,574443523.352884,1.0599055440681453,0.0010773623761759126
14,59515785,1180371793,20.88909530461064,54,2.5850808382343455,489767,610361978.8550658,574443523.352884,1.0625273922361151,0.0008303745069468745
14,59515785,1180371793,20.88909530461064,56,2.6808245729837656,253066,614056640.9360167,574443523.352884,1.0689591160361958,0.0011554210017866058
14,59515785,1180371793,20.88909530461064,58,2.7765683077331857,217531,613314445.7436458,574443523.352884,1.0676670913859065,0.0012482679664216599
14,59515785,1180371793,20.88909530461064,60,2.8723120424826063,445659,618088246.234859,574443523.352884,1.0759773957015506,0.0008670519703299161
14,59515785,1180371793,20.88909530461064,62,2.9680557772320264,138595,621270807.9326887,574443523.352884,1.0815176473859178,0.0015533298748558841
14,59515785,1180371793,20.88909530461064,64,3.0637995119814465,142647,620282853.1099076,574443523.352884,1.0797978006427347,0.0015307249046028367
14,59515785,1180371793,20.88909530461064,66,3.1595432467308666,260215,622635693.0838307,574443523.352884,1.0838936601629015,0.0011297228695200453
14,59515785,1180371793,20.88909530461064,68,3.255286981480287,106506,626096867.5727001,574443523.352884,1.0899189252205828,0.0017674017353100687
14,59515785,1180371793,20.88909530461064,70,3.3510307162297073,151476,627452281.944506,574443523.352884,1.0922784511212227,0.0014813625035292573
14,59515785,1180371793,20.88909530461064,72,3.4467744509791274,152838,630984304.0864968,574443523.352884,1.098427048848246,0.0014683712830917944
14,59515785,1180371793,20.88909530461064,74,3.5425181857285475,75642,631177195.2105973,574443523.352884,1.0987628366433186,0.0020925117020614676
14,59515785,1180371793,20.88909530461064,76,3.6382619204779676,66752,636199713.3813219,574443523.352884,1.1075061124686068,0.002217120698773484
14,59515785,1180371793,20.88909530461064,78,3.734005655227388,127321,633506469.0982242,574443523.352884,1.1028176719629537,0.0016019078477913808
14,59515785,1180371793,20.88909530461064,80,3.8297493899768082,65177,640519801.7951272,574443523.352884,1.115026587916898,0.002235563150707393
14,59515785,1180371793,20.88909530461064,82,3.9254931247262284,46032,637940269.0861574,574443523.352884,1.1105360982445387,0.0026541151575794337
14,59515785,1180371793,20.88909530461064,84,4.021236859475649,95093,642864084.3275635,574443523.352884,1.1191075505131047,0.0018488402416185032
14,59515785,1180371793,20.88909530461064,86,4.116980594225069,33907,645857656.2967824,574443523.352884,1.1243188060108533,0.003083178709280635
14,59515785,1180371793,20.88909530461064,88,4.212724328974489,35192,645282666.1308252,574443523.352884,1.123317854407115,0.0030133115222279396
14,59515785,1180371793,20.88909530461064,90,4.308468063723909,70903,647236956.6306221,574443523.352884,1.1267199129565617,0.0021304885876658555
14,59515785,1180371793,20.88909530461064,92,4.404211798473329,23740,652797507.2032856,574443523.352884,1.1363998037493204,0.003683072808180165
14,59515785,1180371793,20.88909530461064,94,4.499955533222749,21553,649061066.9612119,574443523.352884,1.1298953518925652,0.003850098333709135
14,59515785,1180371793,20.88909530461064,96,4.5956992679721695,38014,652375522.8191719,574443523.352884,1.1356652069317765,0.002891702163578746
14,59515785,1180371793,20.88909530461064,98,4.69144300272159,19938,656148687.6569365,574443523.352884,1.142233589521838,0.00400507720254907
14,59515785,1180371793,20.88909530461064,100,4.787186737471011,20821,656125934.4411411,574443523.352884,1.1421939803786056,0.003913639412469982
14,59515785,1180371793,20.88909530461064,102,4.882930472220431,27519,658941029.1719539,574443523.352884,1.147094539992163,0.003367688905695515
14,59515785,1180371793,20.88909530461064,104,4.978674206969851,12640,654558814.4185127,574443523.352884,1.1394659140693513,0.005014655547014017
14,59515785,1180371793,20.88909530461064,106,5.074417941719271,10826,666121451.4853132,574443523.352884,1.1595943280852534,0.005381104280569727
14,59515785,1180371793,20.88909530461064,108,5.170161676468691,18959,659668477.6618493,574443523.352884,1.1483608933590692,0.004044652325080437
14,59515785,1180371793,20.88909530461064,110,5.265905411218111,11150,662676696.5756054,574443523.352884,1.1535976464800686,0.005288231000225421
14,59515785,1180371793,20.88909530461064,112,5.361649145967531,8840,667301364.5628959,574443523.352884,1.161648338670482,0.005907528136073124
14,59515785,1180371793,20.88909530461064,114,5.457392880716951,13560,670889902.5669616,574443523.352884,1.1678953200675743,0.004801196099872858
14,59515785,1180371793,20.88909530461064,116,5.5531366154663715,5791,667709621.1098256,574443523.352884,1.1623590378607989,0.007208828192198026
14,59515785,1180371793,20.88909530461064,118,5.6488803502157925,5590,679065476.4189625,574443523.352884,1.182127483055995,0.007360138463662668
14,59515785,1180371793,20.88909530461064,120,5.744624084965213,11933,670633540.2457889,574443523.352884,1.1674490406497537,0.005086802641658429
14,59515785,1180371793,20.88909530461064,122,5.840367819714633,3680,667002008.9961957,574443523.352884,1.1611272159586217,0.009158871588581587
14,59515785,1180371793,20.88909530461064,124,5.936111554464053,3846,669019811.2059282,574443523.352884,1.1646398366562232,0.008860530100099528
14,59515785,1180371793,20.88909530461064,126,6.031855289213473,7229,673535333.6484991,574443523.352884,1.172500526626605,0.006402831998786289
14,59515785,1180371793,20.88909530461064,128,6.127599023962893,2570,686647018.2342412,574443523.352884,1.1953255460631766,0.01079436014371039
14,59515785,1180371793,20.88909530461064,130,6.223342758712313,3519,692925340.4748508,574443523.352884,1.2062549446643906,0.009015603342964614
14,59515785,1180371793,20.88909530461064,132,6.319086493461733,4386,684928144.7925217,574443523.352884,1.1923333050998057,0.008214988027767966
14,59515785,1180371793,20.88909530461064,134,6.414830228211153,1868,688651792.9389721,574443523.352884,1.1988154882824387,0.012669324962242856
14,59515785,1180371793,20.88909530461064,136,6.510573962960574,1647,699755180.1111112,574443523.352884,1.2181444331147022,0.013410520276144307
14,59515785,1180371793,20.88909530461064,138,6.606317697709994,3251,688168122.1473392,574443523.352884,1.1979735068308768,0.009559131811345671
14,59515785,1180371793,20.88909530461064,140,6.7020614324594145,1888,679256741.463983,574443523.352884,1.182460440147937,0.01251876138829649
14,59515785,1180371793,20.88909530461064,142,6.797805167208835,1203,687318369.3740648,574443523.352884,1.1964942443120576,0.01585187876780449
14,59515785,1180371793,20.88909530461064,144,6.893548901958255,1950,688125684.6225641,574443523.352884,1.1978996309439534,0.01232513453552961
14,59515785,1180371793,20.88909530461064,146,6.989292636707675,836,688581422.4019139,574443523.352884,1.1986929861839772,0.018450043048021194
14,59515785,1180371793,20.88909530461064,148,7.085036371457095,935,701729458.0545454,574443523.352884,1.2215812861092505,0.01804800759348244
14,59515785,1180371793,20.88909530461064,150,7.180780106206515,1920,707523523.8291667,574443523.352884,1.2316676837081002,0.01222995356324749
14,59515785,1180371793,20.88909530461064,152,7.276523840955935,607,659905656.9769357,574443523.352884,1.1487737787088808,0.02207319073591089
14,59515785,1180371793,20.88909530461064,154,7.372267575705356,743,709030552.9569314,574443523.352884,1.234291142875972,0.01922634367019549
14,59515785,1180371793,20.88909530461064,156,7.468011310454776,999,693622272.8278278,574443523.352884,1.207468175077207,0.016679291755748112
14,59515785,1180371793,20.88909530461064,158,7.563755045204196,403,717390424.8808933,574443523.352884,1.248844134743941,0.026693571769624714
14,59515785,1180371793,20.88909530461064,160,7.6594987799536165,460,701999473.7565217,574443523.352884,1.2220513335395013,0.024786346892191818
14,59515785,1180371793,20.88909530461064,162,7.755242514703037,674,725312592.3590504,574443523.352884,1.2626351640724942,0.01927716602707615
14,59515785,1180371793,20.88909530461064,164,7.850986249452457,316,695899114.050633,574443523.352884,1.2114317348184949,0.0302429722603287
14,59515785,1180371793,20.88909530461064,166,7.946729984201877,242,731611356.677686,574443523.352884,1.2736001485532509,0.0344690004129782
14,59515785,1180371793,20.88909530461064,168,8.042473718951298,590,725213011.3322034,574443523.352884,1.2624618119102733,0.02236665955680697
14,59515785,1180371793,20.88909530461064,170,8.138217453700717,269,730575857.7806691,574443523.352884,1.2717975363643748,0.03285737733265403
14,59515785,1180371793,20.88909530461064,172,8.233961188450138,210,741739239.8857143,574443523.352884,1.2912309212859894,0.035743730889364826
14,59515785,1180371793,20.88909530461064,174,8.329704923199557,325,715805784.2984616,574443523.352884,1.2460855683783867,0.028271684224417674
14,59515785,1180371793,20.88909530461064,176,8.425448657948978,162,692736136.3703704,574443523.352884,1.2059255752890061,0.04328706243255154
14,59515785,1180371793,20.88909530461064,178,8.521192392698397,136,705098770.0441177,574443523.352884,1.227446635534563,0.04676724483027651
14,59515785,1180371793,20.88909530461064,180,8.616936127447818,264,748151295.5530303,574443523.352884,1.3023931250652059,0.03168354874442222
14,59515785,1180371793,20.88909530461064,182,8.71267986219724,102,708644468.0,574443523.352884,1.2336190403258764,0.05427874899167119
14,59515785,1180371793,20.88909530461064,184,8.808423596946659,110,696783308.8545455,574443523.352884,1.212970954546749,0.04905005903800162
14,59515785,1180371793,20.88909530461064,186,8.90416733169608,140,757633371.5142857,574443523.352884,1.3188996667455977,0.0428536598297194
14,59515785,1180371793,20.88909530461064,188,8.999911066445499,57,862535159.2105263,574443523.352884,1.5015142901709868,0.06389906893410786
14,59515785,1180371793,20.88909530461064,190,9.09565480119492,80,730041905.875,574443523.352884,1.2708680247867135,0.05389785411340271
14,59515785,1180371793,20.88909530461064,192,9.191398535944339,99,744928338.6161616,574443523.352884,1.296782552735907,0.0509974676483808
14,59515785,1180371793,20.88909530461064,194,9.28714227069376,46,801742167.3043479,574443523.352884,1.3956849276057255,0.07202191940750026
14,59515785,1180371793,20.88909530461064,196,9.38288600544318,50,702868747.48,574443523.352884,1.2235645784245766,0.07466562361300484
14,59515785,1180371793,20.88909530461064,198,9.4786297401926,93,718630832.8064516,574443523.352884,1.2510034556782572,0.05600131842145552
14,59515785,1180371793,20.88909530461064,200,9.574373474942021,42,850286257.7142857,574443523.352884,1.480191216625398,0.05789015430187028
14,59515785,1180371793,20.88909530461064,202,9.67011720969144,30,683439626.8,574443523.352884,1.1897420703969865,0.09800610249716711
14,59515785,1180371793,20.88909530461064,204,9.765860944440862,57,737004858.0175439,574443523.352884,1.2829892375073353,0.06916298167251109
14,59515785,1180371793,20.88909530461064,210,10.053092148689121,63,728471834.0793651,574443523.352884,1.2681348199862297,0.06682850864054313
15,100000000,2038074743,21.435271445755504,2,0.09330416015776787,6497407,964672236.6929336,992628520.4881221,0.9718361066419479,0.00022863227705392298
15,100000000,2038074743,21.435271445755504,4,0.18660832031553573,6496371,964410796.7619874,992628520.4881221,0.9715727252000993,0.000228638142299896
15,100000000,2038074743,21.435271445755504,6,0.27991248047330364,11604547,968158828.1519442,992628520.4881221,0.9753485903022965,0.00016607736246263894
15,100000000,2038074743,21.435271445755504,8,0.37321664063107146,5157442,971845676.9113669,992628520.4881221,0.979062818418178,0.00025789277152819725
15,100000000,2038074743,21.435271445755504,10,0.46652080078883934,6682808,973093107.6305885,992628520.4881221,0.9803195128345424,0.00022463263719007566
15,100000000,2038074743,21.435271445755504,12,0.5598249609466073,8621685,977906864.9197586,992628520.4881221,0.9851690181528089,0.00019539761568271183
15,100000000,2038074743,21.435271445755504,14,0.6531291211043752,4773494,980737511.3730714,992628520.4881221,0.9880206856143895,0.0002679081788194114
15,100000000,2038074743,21.435271445755504,16,0.7464332812621429,3589872,984071872.0397569,992628520.4881221,0.9913798079827915,0.00031045866579043293
15,100000000,2038074743,21.435271445755504,18,0.8397374414199108,6542675,987328162.3033962,992628520.4881221,0.994660280180022,0.0002262101747621235
15,100000000,2038074743,21.435271445755504,20,0.9330416015776787,3592562,993912042.9853469,992628520.4881221,1.0012930542199145,0.000309302302088658
15,100000000,2038074743,21.435271445755504,22,1.0263457617354466,3084694,992467588.4564382,992628520.4881221,0.9998378728513616,0.0003348986149112636
15,100000000,2038074743,21.435271445755504,24,1.1196499218932146,4684944,997880269.5345874,992628520.4881221,1.0052907496994774,0.00026895885372389656
15,100000000,2038074743,21.435271445755504,26,1.2129540820509823,2231057,1002880486.8521553,992628520.4881221,1.0103280997396609,0.00039416055299981186
15,100000000,2038074743,21.435271445755504,28,1.3062582422087503,2430895,1003330550.6677685,992628520.4881221,1.0107815058289717,0.00037711431164787765
15,100000000,2038074743,21.435271445755504,30,1.399562402366518,4379023,1009517084.7509385,992628520.4881221,1.0170139824861284,0.00027750024985504927
15,100000000,2038074743,21.435271445755504,32,1.4928665625242858,1385395,1014796883.7030299,992628520.4881221,1.0223329903960512,0.0005000468173429303
15,100000000,2038074743,21.435271445755504,34,1.5861707226820538,1457300,1014949679.4467728,992628520.4881221,1.0224869208348701,0.00048723936619177687
15,100000000,2038074743,21.435271445755504,36,1.6794748828398216,2385979,1019438645.330899,992628520.4881221,1.0270092227750953,0.0003785924439893637
15,100000000,2038074743,21.435271445755504,38,1.7727790429975896,1124840,1024048805.0290174,992628520.4881221,1.0316536185414504,0.0005537425763500618
15,100000000,2038074743,21.435271445755504,40,1.8660832031553574,1333585,1026356372.6627961,992628520.4881221,1.0339783226841885,0.0005078427935021121
15,100000000,2038074743,21.435271445755504,42,1.9593873633131254,1978625,1032099194.697782,992628520.4881221,1.0397637921890965,0.00041460569313514186
15,100000000,2038074743,21.435271445755504,44,2.052691523470893,811823,1035121788.7999121,992628520.4881221,1.0428088327452993,0.0006502697259903341
15,100000000,2038074743,21.435271445755504,46,2.145995683628661,700860,1038578633.1808407,992628520.4881221,1.0462913484191678,0.0006993722635162467
15,100000000,2038074743,21.435271445755504,48,2.239299843786429,1214083,1041933066.707048,992628520.4881221,1.0496706927125976,0.0005294764509436558
15,100000000,2038074743,21.435271445755504,50,2.332604003944197,691911,1044417910.5535321,992628520.4881221,1.0521739895605082,0.0007015353355243457
15,100000000,2038074743,21.435271445755504,52,2.4259081641019646,521439,1048285395.6170884,992628520.4881221,1.0560701954257745,0.000808718954776268
15,100000000,2038074743,21.435271445755504,54,2.5192123242597324,873712,1049846396.8672904,992628520.4881221,1.0576427890174176,0.0006223604187403258
15,100000000,2038074743,21.435271445755504,56,2.6125164844175006,453621,1055146220.8797014,992628520.4881221,1.0629819706981987,0.000864018915303519
15,100000000,2038074743,21.435271445755504,58,2.7058206445752684,390942,1055612665.579907,992628520.4881221,1.0634518793201837,0.0009309131559433163
15,100000000,2038074743,21.435271445755504,60,2.799124804733036,805638,1062098736.1725241,992628520.4881221,1.0699861169113298,0.0006453578527126248
15,100000000,2038074743,21.435271445755504,62,2.892428964890804,252739,1068484303.9506328,992628520.4881221,1.07641910533178,0.0011515739997436743
15,100000000,2038074743,21.435271445755504,64,2.9857331250485717,259206,1066316338.3366126,992628520.4881221,1.0742350399243563,0.001138494679171469
15,100000000,2038074743,21.435271445755504,66,3.07903728520634,476576,1071645505.2669626,992628520.4881221,1.079603782430092,0.00083682726970073
15,100000000,2038074743,21.435271445755504,68,3.1723414453641077,195346,1075182636.9102106,992628520.4881221,1.0831671815972936,0.0013072780953674774
15,100000000,2038074743,21.435271445755504,70,3.2656456055218754,278610,1076906293.6505008,992628520.4881221,1.084903638594764,0.0010922274646281492
15,100000000,2038074743,21.435271445755504,72,3.358949765679643,283317,1083047699.4713802,992628520.4881221,1.0910906518571466,0.0010799100966391356
15,100000000,2038074743,21.435271445755504,74,3.4522539258374114,140509,1083446556.2767012,992628520.4881221,1.0914924706615519,0.0015328114544517217
15,100000000,2038074743,21.435271445755504,76,3.545558085995179,125176,1092365868.7814758,992628520.4881221,1.1004780199588746,0.0016203696421528133
15,100000000,2038074743,21.435271445755504,78,3.638862246152947,238428,1090863359.9225595,992628520.4881221,1.0989643531359856,0.0011769643839614251
15,100000000,2038074743,21.435271445755504,80,3.7321664063107147,122344,1095483798.8285818,992628520.4881221,1.103619104445922,0.001633367520299127
15,100000000,2038074743,21.435271445755504,82,3.825470566468483,86837,1096682111.8029296,992628520.4881221,1.1048263163581473,0.001941599350085696
15,100000000,2038074743,21.435271445755504,84,3.9187747266262507,180156,1101499064.8220654,992628520.4881221,1.1096790411385786,0.0013431899984021971
15,100000000,2038074743,21.435271445755504,86,4.0120788867840185,64538,1105895583.397967,992628520.4881221,1.1141082092363679,0.0022392535351884527
15,100000000,2038074743,21.435271445755504,88,4.105383046941786,67073,1105680350.1375964,992628520.4881221,1.113891377606077,0.002194456510053768
15,100000000,2038074743,21.435271445755504,90,4.198687207099554,136082,1112046420.7483575,992628520.4881221,1.1203047240688915,0.001542832412434826
15,100000000,2038074743,21.435271445755504,92,4.291991367257322,45766,1116962408.8036535,992628520.4881221,1.125257219341623,0.002650384196383701
15,100000000,2038074743,21.435271445755504,94,4.3852955274150895,41690,1116245439.2116096,992628520.4881221,1.1245349253743981,0.002780720303325875
15,100000000,2038074743,21.435271445755504,96,4.478599687572858,73518,1119482577.9710276,992628520.4881221,1.12779610384409,0.002092599580114814
15,100000000,2038074743,21.435271445755504,98,4.571903847730626,38810,1123844681.7665036,992628520.4881221,1.1321906015896626,0.0028673850594065774
15,100000000,2038074743,21.435271445755504,100,4.665208007888394,40471,1123093989.2115095,992628520.4881221,1.1314343342252864,0.002810261213613294
15,100000000,2038074743,21.435271445755504,102,4.7585121680461615,54022,1129510284.9666061,992628520.4881221,1.1378982788154957,0.002424239964480531
15,100000000,2038074743,21.435271445755504,104,4.851816328203929,24793,1125886300.1525028,992628520.4881221,1.134247381486532,0.003589742431714846
15,100000000,2038074743,21.435271445755504,106,4.945120488361697,21469,1136128046.4996507,992628520.4881221,1.1445651853131957,0.0038094937129731225
15,100000000,2038074743,21.435271445755504,108,5.038424648519465,37344,1131733343.0335796,992628520.4881221,1.1401378458046452,0.002910221772335452
15,100000000,2038074743,21.435271445755504,110,5.131728808677233,22450,1142916970.1017373,992628520.4881221,1.151404524967418,0.0037424035046419355
15,100000000,2038074743,21.435271445755504,112,5.225032968835001,17722,1145240707.198736,992628520.4881221,1.1537455186513956,0.004201480573881417
15,100000000,2038074743,21.435271445755504,114,5.318337128992769,27083,1144842461.140014,992628520.4881221,1.1533443151291292,0.0033942277632081977
15,100000000,2038074743,21.435271445755504,116,5.411641289150537,11654,1149791305.273554,992628520.4881221,1.1583299104766278,0.005193668327449389
15,100000000,2038074743,21.435271445755504,118,5.5049454493083045,11132,1146968072.8918433,992628520.4881221,1.1554857121451891,0.005241643082836162
15,100000000,2038074743,21.435271445755504,120,5.598249609466072,24083,1149017125.4996054,992628520.4881221,1.157549981472001,0.003591367132869319
15,100000000,2038074743,21.435271445755504,122,5.69155376962384,7571,1156493380.324792,992628520.4881221,1.165081756623404,0.006421286644472896
15,100000000,2038074743,21.435271445755504,124,5.784857929781608,7734,1148247595.2451513,992628520.4881221,1.1567747365152312,0.006357692134495134
15,100000000,2038074743,21.435271445755504,126,5.878162089939376,14806,1158048887.578009,992628520.4881221,1.1666488154184225,0.004558202274927472
15,100000000,2038074743,21.435271445755504,128,5.971466250097143,5327,1172779588.3737564,992628520.4881221,1.181488909664862,0.007563120207868212
15,100000000,2038074743,21.435271445755504,130,6.064770410254912,7283,1172043728.555403,992628520.4881221,1.180747585188318,0.006365479472105948
15,100000000,2038074743,21.435271445755504,132,6.15807457041268,9212,1173698151.4005644,992628520.4881221,1.1824142941444014,0.005708018497050365
15,100000000,2038074743,21.435271445755504,134,6.251378730570448,3978,1181512669.3348417,992628520.4881221,1.1902868444217545,0.008662659330335653
15,100000000,2038074743,21.435271445755504,136,6.344682890728215,3471,1183833171.6274848,992628520.4881221,1.192624579279002,0.009221230245912398
15,100000000,2038074743,21.435271445755504,138,6.437987050885983,6734,1171251978.1710722,992628520.4881221,1.1799499550900598,0.0066774288249390286
15,100000000,2038074743,21.435271445755504,140,6.531291211043751,4051,1185446822.1695879,992628520.4881221,1.1942502131478632,0.008679604452338426
15,100000000,2038074743,21.435271445755504,142,6.624595371201519,2456,1164597548.5781758,992628520.4881221,1.1732461082273642,0.011104046807851044
15,100000000,2038074743,21.435271445755504,144,6.717899531359286,4219,1190183678.8056412,992628520.4881221,1.1990222467317098,0.008418275370082827
15,100000000,2038074743,21.435271445755504,146,6.811203691517054,1828,1191508133.4070022,992628520.4881221,1.200356537026643,0.01267658578928475
15,100000000,2038074743,21.435271445755504,148,6.904507851674823,2006,1193063149.684945,992628520.4881221,1.2019231012002958,0.012080724352884733
15,100000000,2038074743,21.435271445755504,150,6.997812011832591,4110,1193954187.3099756,992628520.4881221,1.2028207558683204,0.008368289185235264
15,100000000,2038074743,21.435271445755504,152,7.091116171990358,1322,1185695424.388805,992628520.4881221,1.1945006615422884,0.015499948614264082
15,100000000,2038074743,21.435271445755504,154,7.184420332148126,1605,1203162215.1869159,992628520.4881221,1.212097164602186,0.013406555063203146
15,100000000,2038074743,21.435271445755504,156,7.277724492305894,2213,1207099598.8102124,992628520.4881221,1.2160637881093974,0.011566314545970471
15,100000000,2038074743,21.435271445755504,158,7.371028652463662,905,1219484136.876243,992628520.4881221,1.2285402965014198,0.01761180577669646
15,100000000,2038074743,21.435271445755504,160,7.4643328126214294,1041,1216827827.7550433,992628520.4881221,1.2258642610396404,0.016655396295982037
15,100000000,2038074743,21.435271445755504,162,7.557636972779197,1455,1208806969.7972507,992628520.4881221,1.2177838384120008,0.013832368396465821
15,100000000,2038074743,21.435271445755504,164,7.650941132936966,676,1194616418.5414202,992628520.4881221,1.2034879049757417,0.02102000910856815
15,100000000,2038074743,21.435271445755504,166,7.744245293094734,573,1256064862.1623037,992628520.4881221,1.2653926783653542,0.022218189418764522
15,100000000,2038074743,21.435271445755504,168,7.837549453252501,1310,1218834878.0961833,992628520.4881221,1.227886216181684,0.014696351524263799
15,100000000,2038074743,21.435271445755504,170,7.930853613410269,622,1235362547.1832798,992628520.4881221,1.2445366234044877,0.02097550767722386
15,100000000,2038074743,21.435271445755504,172,8.024157773568037,439,1205200735.7653759,992628520.4881221,1.2141508236865106,0.025082786956676453
15,100000000,2038074743,21.435271445755504,174,8.117461933725805,750,1213922702.7706666,992628520.4881221,1.2229375619529084,0.018809104562012766
15,100000000,2038074743,21.435271445755504,176,8.210766093883572,343,1189543380.8542273,992628520.4881221,1.1983771937857204,0.029787187055573157
15,100000000,2038074743,21.435271445755504,178,8.30407025404134,303,1229832528.2673268,992628520.4881221,1.2389655373417645,0.031760369812881266
15,100000000,2038074743,21.435271445755504,180,8.397374414199108,654,1279045523.3914373,992628520.4881221,1.2885439990808147,0.020135665302154243
15,100000000,2038074743,21.435271445755504,182,8.490678574356876,245,1249342710.3469388,992628520.4881221,1.2586206063599485,0.03449580632150951
15,100000000,2038074743,21.435271445755504,184,8.583982734514644,239,1173529729.5523012,992628520.4881221,1.1822446215581448,0.033667976236375394
15,100000000,2038074743,21.435271445755504,186,8.677286894672411,355,1286329817.7492957,992628520.4881221,1.2958823882238915,0.026892509378709288
15,100000000,2038074743,21.435271445755504,188,8.770591054830179,128,1291992268.296875,992628520.4881221,1.3015868893849047,0.04174243041506492
15,100000000,2038074743,21.435271445755504,190,8.863895214987949,209,1291668201.5263157,992628520.4881221,1.3012604160226444,0.035619012087726346
15,100000000,2038074743,21.435271445755504,192,8.957199375145716,228,1257117553.5614035,992628520.4881221,1.2664531872842215,0.034646188587394315
15,100000000,2038074743,21.435271445755504,194,9.050503535303484,111,1239783292.2432432,992628520.4881221,1.2489901978975815,0.04291586613504956
15,100000000,2038074743,21.435271445755504,196,9.143807695461252,114,1233222883.6842105,992628520.4881221,1.2423810702897966,0.05129441465306021
15,100000000,2038074743,21.435271445755504,198,9.23711185561902,224,1241998986.919643,992628520.4881221,1.251222346813986,0.0353054560569238
15,100000000,2038074743,21.435271445755504,200,9.330416015776787,98,1319711255.0,992628520.4881221,1.3295117234300662,0.04870089099912624
15,100000000,2038074743,21.435271445755504,202,9.423720175934555,72,1216175379.0,992628520.4881221,1.2252069670554593,0.06291938217140168
15,100000000,2038074743,21.435271445755504,204,9.517024336092323,131,1225992244.832061,992628520.4881221,1.2350967351101125,0.04482729253630578
15,100000000,2038074743,21.435271445755504,206,9.61032849625009,46,1193089556.2608695,992628520.4881221,1.2019497038773088,0.07650585213756049
15,100000000,2038074743,21.435271445755504,208,9.703632656407859,57,1190468301.2105262,992628520.4881221,1.1993089828056895,0.06257637403721104
15,100000000,2038074743,21.435271445755504,210,9.796936816565626,148,1263236794.3783784,992628520.4881221,1.2726178709404656,0.044105086807239284
15,100000000,2038074743,21.435271445755504,212,9.890240976723394,35,1255659185.6857142,992628520.4881221,1.2649839892452894,0.09367064297621078
15,100000000,2038074743,21.435271445755504,214,9.983545136881162,40,1284720272.65,992628520.4881221,1.2942608902857664,0.07587367852811983
15,100000000,2038074743,21.435271445755504,216,10.07684929703893,52,1302395295.0384614,992628520.4881221,1.3120671713099805,0.06918445764940051
15,100000000,2038074743,21.435271445755504,220,10.263457617354465,38,1337011472.7368422,992628520.4881221,1.346940416420204,0.09020701193417595
15,100000000,2038074743,21.435271445755504,222,10.356761777512233,31,1174489943.7741935,992628520.4881221,1.1832119665437797,0.09873632940603616
16,134277704,2778410251,21.745144748920875,2,0.09197455446228989,8592325,1316216099.4237785,1353773223.8958447,0.9722574476957185,0.00019876843182412178
16,134277704,2778410251,21.745144748920875,4,0.18394910892457977,8593672,1316379477.4817426,1353773223.8958447,0.9723781311714147,0.00019879588412850357
16,134277704,2778410251,21.745144748920875,6,0.2759236633868697,15375819,1320974126.829373,1353773223.8958447,0.9757720890858783,0.00014432123173978065
16,134277704,2778410251,21.745144748920875,8,0.36789821784915955,6848145,1326056584.497345,1353773223.8958447,0.9795263793748722,0.00022375677711882622
16,134277704,2778410251,21.745144748920875,10,0.45987277231144946,8872540,1326941901.9024687,1353773223.8958447,0.9801803422317944,0.0001948895665660968
16,134277704,2778410251,21.745144748920875,12,0.5518473267737394,11479206,1333581388.556618,1353773223.8958447,0.9850847727057865,0.0001693000067583037
16,134277704,2778410251,21.745144748920875,14,0.6438218812360292,6364456,1337234160.3816745,1353773223.8958447,0.987782988153234,0.00023190528874646052
16,134277704,2778410251,21.745144748920875,16,0.7357964356983191,4794784,1341642927.7714303,1353773223.8958447,0.9910396394977393,0.00026852944500265825
16,134277704,2778410251,21.745144748920875,18,0.827770990160609,8755960,1346223538.5886705,1353773223.8958447,0.9944232274845503,0.00019548308577659162
16,134277704,2778410251,21.745144748920875,20,0.9197455446228989,4823675,1354623139.136613,1353773223.8958447,1.0006278121222714,0.0002668566207111822
16,134277704,2778410251,21.745144748920875,22,1.0117200990851887,4139336,1352845856.1224365,1353773223.8958447,0.99931497553871,0.00028897320269395574
16,134277704,2778410251,21.745144748920875,24,1.1036946535474788,6304162,1359940691.1043723,1353773223.8958447,1.0045557609647346,0.00023181579079315114
16,134277704,2778410251,21.745144748920875,26,1.1956692080097686,3010136,1366433632.2899172,1353773223.8958447,1.0093519417954204,0.0003392042430691404
16,134277704,2778410251,21.745144748920875,28,1.2876437624720585,3279541,1366741819.8647559,1353773223.8958447,1.0095795926082736,0.00032456250221867553
16,134277704,2778410251,21.745144748920875,30,1.3796183169343483,5931428,1375441124.7756004,1353773223.8958447,1.016005561712471,0.00023840836245373354
16,134277704,2778410251,21.745144748920875,32,1.4715928713966382,1881373,1382161172.808591,1353773223.8958447,1.0209695009560407,0.0004291284442419328
16,134277704,2778410251,21.745144748920875,34,1.563567425858928,1980216,1382841434.0259578,1353773223.8958447,1.0214719936965968,0.0004181042346803649
16,134277704,2778410251,21.745144748920875,36,1.655541980321218,3250675,1388821860.0889745,1353773223.8958447,1.0258895918271067,0.00032433261031090325
16,134277704,2778410251,21.745144748920875,38,1.7475165347835078,1534561,1393559765.0385988,1353773223.8958447,1.029389369238858,0.00047397401502344446
16,134277704,2778410251,21.745144748920875,40,1.8394910892457979,1822099,1396748618.0015373,1353773223.8958447,1.0317448988849252,0.0004342118001999922
16,134277704,2778410251,21.745144748920875,42,1.9314656437080877,2713426,1404863744.6439128,1353773223.8958447,1.0377393494318357,0.0003540088841678455
16,134277704,2778410251,21.745144748920875,44,2.0234401981703773,1115164,1408762208.5988464,1353773223.8958447,1.0406190517971365,0.0005548252580144497
16,134277704,2778410251,21.745144748920875,46,2.115414752632667,965080,1413640796.0358064,1353773223.8958447,1.0442227480077326,0.0005959942041543479
16,134277704,2778410251,21.745144748920875,48,2.2073893070949575,1673513,1417113714.5334258,1353773223.8958447,1.046788110090774,0.00045075535421464763
16,134277704,2778410251,21.745144748920875,50,2.2993638615572474,956049,1421415820.2464676,1353773223.8958447,1.0499659729980204,0.0005972826976639617
16,134277704,2778410251,21.745144748920875,52,2.3913384160195372,721914,1425994659.1543398,1353773223.8958447,1.053348252117632,0.0006870294431979516
16,134277704,2778410251,21.745144748920875,54,2.483312970481827,1212167,1429241066.936791,1353773223.8958447,1.0557462961364883,0.0005288464134259885
16,134277704,2778410251,21.745144748920875,56,2.575287524944117,630194,1434487539.5968225,1353773223.8958447,1.059621740389207,0.0007332341362955401
16,134277704,2778410251,21.745144748920875,58,2.667262079406407,543883,1436172175.8279686,1353773223.8958447,1.0608661410032907,0.0007896070396183968
16,134277704,2778410251,21.745144748920875,60,2.7592366338686967,1125298,1444964064.069212,1353773223.8958447,1.0673604992060202,0.0005465362808945908
16,134277704,2778410251,21.745144748920875,62,2.8512111883309865,354946,1455155039.4895391,1353773223.8958447,1.0748883297469431,0.0009739247684620672
16,134277704,2778410251,21.745144748920875,64,2.9431857427932764,362910,1450230711.1505,1353773223.8958447,1.0712508458226653,0.0009630523079711542
16,134277704,2778410251,21.745144748920875,66,3.0351602972555662,669994,1457761890.2727697,1353773223.8958447,1.076813948260603,0.0007063447017741927
16,134277704,2778410251,21.745144748920875,68,3.127134851717856,274882,1461392121.8752265,1353773223.8958447,1.0794955137830837,0.0011027186714382415
16,134277704,2778410251,21.745144748920875,70,3.219109406180146,392666,1464289323.7597806,1353773223.8958447,1.0816356077319185,0.0009215498343423657
16,134277704,2778410251,21.745144748920875,72,3.311083960642436,400492,1471595494.7529638,1353773223.8958447,1.0870325020301805,0.0009098619442074045
16,134277704,2778410251,21.745144748920875,74,3.4030585151047257,198857,1472598920.7555027,1353773223.8958447,1.0877737088917339,0.0012911034567758086
16,134277704,2778410251,21.745144748920875,76,3.4950330695670155,177578,1481152083.1613827,1353773223.8958447,1.0940917260122571,0.0013604527712934619
16,134277704,2778410251,21.745144748920875,78,3.5870076240293054,339248,1482808681.670713,1353773223.8958447,1.0953154158297902,0.0009862108798702487
16,134277704,2778410251,21.745144748920875,80,3.6789821784915957,174657,1489065679.332675,1353773223.8958447,1.0999373108056385,0.001369953117551215
16,134277704,2778410251,21.745144748920875,82,3.7709567329538856,124021,1490362595.228945,1353773223.8958447,1.1008953116534745,0.0016264580109354785
16,134277704,2778410251,21.745144748920875,84,3.8629312874161754,258427,1497885272.3496423,1353773223.8958447,1.1064521338655795,0.0011237139107471733
16,134277704,2778410251,21.745144748920875,86,3.9549058418784653,93065,1506512922.9421265,1353773223.8958447,1.1128251736333892,0.0018722843275796968
16,134277704,2778410251,21.745144748920875,88,4.046880396340755,96353,1502906318.26734,1353773223.8958447,1.1101610607589985,0.0018381170507578099
16,134277704,2778410251,21.745144748920875,90,4.1388549508030446,195942,1508855176.6446602,1353773223.8958447,1.1145553405928104,0.001285060855497743
16,134277704,2778410251,21.745144748920875,92,4.230829505265334,66028,1515058030.0522203,1353773223.8958447,1.1191372404989925,0.0022108027757013833
16,134277704,2778410251,21.745144748920875,94,4.322804059727624,60257,1515126483.2646995,1353773223.8958447,1.1191878052547957,0.0023132283760916835
16,134277704,2778410251,21.745144748920875,96,4.414778614189915,106990,1523481250.8378167,1353773223.8958447,1.1253592728430482,0.0017353997401870615
16,134277704,2778410251,21.745144748920875,98,4.506753168652205,56365,1525111728.6752949,1353773223.8958447,1.126563667943127,0.0023829790256100253
16,134277704,2778410251,21.745144748920875,100,4.598727723114495,58948,1528031445.910633,1353773223.8958447,1.1287203934447114,0.0023361256486670407
16,134277704,2778410251,21.745144748920875,102,4.690702277576785,78308,1526825711.5084794,1353773223.8958447,1.1278297461923716,0.002011809608298838
16,134277704,2778410251,21.745144748920875,104,4.7826768320390745,35864,1521861175.1576512,1353773223.8958447,1.1241625615685384,0.002977057131822051
16,134277704,2778410251,21.745144748920875,106,4.874651386501364,31711,1546416339.6553562,1353773223.8958447,1.1423008760692794,0.0031464571663176945
16,134277704,2778410251,21.745144748920875,108,4.966625940963654,54876,1540912055.1968439,1353773223.8958447,1.1382349923885013,0.002408101223614719
16,134277704,2778410251,21.745144748920875,110,5.058600495425944,33106,1552308845.2078776,1353773223.8958447,1.146653529415136,0.003085751295064785
16,134277704,2778410251,21.745144748920875,112,5.150575049888234,26216,1555999308.468111,1353773223.8958447,1.149379586627003,0.003459926703583318
16,134277704,2778410251,21.745144748920875,114,5.242549604350524,40019,1555007031.9634423,1353773223.8958447,1.1486466156336683,0.002799542760385724
16,134277704,2778410251,21.745144748920875,116,5.334524158812814,17100,1552697746.7042105,1353773223.8958447,1.1469408016771874,0.0042762454840066366
16,134277704,2778410251,21.745144748920875,118,5.4264987132751035,16631,1566057923.9205701,1353773223.8958447,1.1568096460157629,0.004332906630904016
16,134277704,2778410251,21.745144748920875,120,5.518473267737393,35925,1565728416.208128,1353773223.8958447,1.156566246525637,0.0029507878664519877
16,134277704,2778410251,21.745144748920875,122,5.610447822199683,11394,1578359853.2959452,1353773223.8958447,1.1658967879079425,0.0052333584052555535
16,134277704,2778410251,21.745144748920875,124,5.702422376661973,11548,1566544072.0940423,1353773223.8958447,1.1571687520793863,0.005218605677640635
16,134277704,2778410251,21.745144748920875,126,5.794396931124263,22131,1572755872.4453933,1353773223.8958447,1.1617572608796083,0.0037345419327317582
16,134277704,2778410251,21.745144748920875,128,5.886371485586553,7958,1584191621.9778838,1353773223.8958447,1.17020457637576,0.0061879691255248385
16,134277704,2778410251,21.745144748920875,130,5.978346040048843,10944,1588966525.3125,1353773223.8958447,1.1737316836122844,0.005256817695803376
16,134277704,2778410251,21.745144748920875,132,6.0703205945111325,13918,1593393195.6597211,1353773223.8958447,1.1770015594445766,0.0046675901626359925
16,134277704,2778410251,21.745144748920875,134,6.162295148973422,5981,1595876553.8944993,1353773223.8958447,1.1788359569573532,0.007094081966424615
16,134277704,2778410251,21.745144748920875,136,6.254269703435712,5395,1625657614.0105653,1353773223.8958447,1.200834515940787,0.007497111941010344
16,134277704,2778410251,21.745144748920875,138,6.346244257898002,10055,1583194951.855296,1353773223.8958447,1.1694683599216336,0.005500015021763385
16,134277704,2778410251,21.745144748920875,140,6.438218812360292,6229,1614340611.9760797,1353773223.8958447,1.1924749163898978,0.006964592250076299
16,134277704,2778410251,21.745144748920875,142,6.530193366822582,3788,1601364923.6789863,1353773223.8958447,1.1828900848479114,0.008988603989486534
16,134277704,2778410251,21.745144748920875,144,6.622167921284872,6447,1613090170.77633,1353773223.8958447,1.1915512452922,0.006807778748116071
16,134277704,2778410251,21.745144748920875,146,6.7141424757471615,2805,1618906326.0609627,1353773223.8958447,1.1958475005157263,0.010311520616903293
16,134277704,2778410251,21.745144748920875,148,6.806117030209451,3045,1610120151.9477832,1353773223.8958447,1.1893573632031453,0.009848076753161432
16,134277704,2778410251,21.745144748920875,150,6.898091584671741,6241,1612628453.722961,1353773223.8958447,1.1912101859144408,0.006874848959367375
16,134277704,2778410251,21.745144748920875,152,6.990066139134031,2022,1610157843.347181,1353773223.8958447,1.1893852049411355,0.0123066729681501
16,134277704,2778410251,21.745144748920875,154,7.082040693596321,2461,1628656106.9309225,1353773223.8958447,1.203049431162502,0.010948120018985204
16,134277704,2778410251,21.745144748920875,156,7.174015248058611,3419,1633068190.462416,1353773223.8958447,1.2063085320618363,0.00926590002045794
16,134277704,2778410251,21.745144748920875,158,7.265989802520901,1407,1645979106.0575693,1353773223.8958447,1.2158455175533935,0.01422692633367598
16,134277704,2778410251,21.745144748920875,160,7.357964356983191,1664,1664294168.4495192,1353773223.8958447,1.2293744174227847,0.013186557308732718
16,134277704,2778410251,21.745144748920875,162,7.449938911445481,2214,1622028981.9674797,1353773223.8958447,1.1981541319746725,0.011350457301006445
16,134277704,2778410251,21.745144748920875,164,7.541913465907771,1067,1645265537.9390814,1353773223.8958447,1.2153184217991766,0.016821616584659232
16,134277704,2778410251,21.745144748920875,166,7.633888020370061,932,1703195261.248927,1353773223.8958447,1.2581097270837778,0.017244565617714765
16,134277704,2778410251,21.745144748920875,168,7.725862574832351,2037,1646845519.311242,1353773223.8958447,1.216485516364405,0.01186970430045055
16,134277704,2778410251,21.745144748920875,170,7.817837129294641,942,1631598517.210191,1353773223.8958447,1.2052229194745259,0.017007928525373684
16,134277704,2778410251,21.745144748920875,172,7.909811683756931,664,1624657950.7560241,1353773223.8958447,1.2000960885314573,0.02103763829765062
16,134277704,2778410251,21.745144748920875,174,8.00178623821922,1157,1632036583.6828003,1353773223.8958447,1.205546508732222,0.015460855924782007
16,134277704,2778410251,21.745144748920875,176,8.09376079268151,571,1677880216.1068301,1353773223.8958447,1.2394101068702488,0.02307976076269388
16,134277704,2778410251,21.745144748920875,178,8.1857353471438,497,1695395020.3682094,1353773223.8958447,1.2523478751406063,0.024378110196169752
16,134277704,2778410251,21.745144748920875,180,8.277709901606089,1068,1717371450.0749063,1353773223.8958447,1.2685813397407215,0.015688593895856362
16,134277704,2778410251,21.745144748920875,182,8.369684456068379,400,1701571454.06,1353773223.8958447,1.256910259432723,0.026530774762047907
16,134277704,2778410251,21.745144748920875,184,8.461659010530669,355,1580414563.5408452,1353773223.8958447,1.1674145533716345,0.02874774847087967
16,134277704,2778410251,21.745144748920875,186,8.553633564992959,553,1697886561.488246,1353773223.8958447,1.2541883171556039,0.021848206526187564
16,134277704,2778410251,21.745144748920875,188,8.645608119455249,206,1709117600.2038834,1353773223.8958447,1.2624844176526406,0.03406385221229933
16,134277704,2778410251,21.745144748920875,190,8.737582673917538,341,1731554949.7800586,1353773223.8958447,1.2790583527697836,0.027886682511750343
16,134277704,2778410251,21.745144748920875,192,8.82955722837983,371,1706019583.2587602,1353773223.8958447,1.2601959864069643,0.02725316411198999
16,134277704,2778410251,21.745144748920875,194,8.92153178284212,185,1727561060.9567568,1353773223.8958447,1.276108162329609,0.03838440221342095
16,134277704,2778410251,21.745144748920875,196,9.01350633730441,180,1673107773.4,1353773223.8958447,1.2358848172407966,0.04040226980477437
16,134277704,2778410251,21.745144748920875,198,9.1054808917667,341,1645713955.680352,1353773223.8958447,1.2156496572922086,0.028541924879464692
16,134277704,2778410251,21.745144748920875,200,9.19745544622899,160,1752502135.1375,1353773223.8958447,1.29453153911126,0.03952696081834098
16,134277704,2778410251,21.745144748920875,202,9.28943000069128,103,1570490858.3980582,1353773223.8958447,1.160084149011716,0.05170974787093033
16,134277704,2778410251,21.745144748920875,204,9.38140455515357,203,1648404504.586207,1353773223.8958447,1.2176371016132834,0.03704507917748633
16,134277704,2778410251,21.745144748920875,206,9.473379109615859,79,1705668070.392405,1353773223.8958447,1.2599363322343522,0.061239343631596437
16,134277704,2778410251,21.745144748920875,208,9.565353664078149,97,1704570884.8556702,1353773223.8958447,1.2591258674405683,0.05433464005134236
16,134277704,2778410251,21.745144748920875,210,9.657328218540439,221,1647651693.7782805,1353773223.8958447,1.2170810182201135,0.03524988247120901
16,134277704,2778410251,21.745144748920875,212,9.749302773002729,68,1842620524.1176472,1353773223.8958447,1.3610998441932642,0.06600373862522325
16,134277704,2778410251,21.745144748920875,214,9.841277327465018,62,1679159629.387097,1353773223.8958447,1.24035517895299,0.06275632047759064
16,134277704,2778410251,21.745144748920875,216,9.933251881927308,91,1768003749.7912087,1353773223.8958447,1.3059822122225944,0.05219925380665611
16,134277704,2778410251,21.745144748920875,218,10.025226436389598,39,1694526263.7692308,1353773223.8958447,1.2517061453562939,0.08338285021093234
16,134277704,2778410251,21.745144748920875,220,10.117200990851888,55,1700541144.2363636,1353773223.8958447,1.256149194133565,0.0720166223194929
16,134277704,2778410251,21.745144748920875,222,10.209175545314178,55,1735100872.490909,1353773223.8958447,1.281677641324366,0.07720957281034298
16,134277704,2778410251,21.745144748920875,226,10.393124654238758,30,1792568996.2,1353773223.8958447,1.3241279739906533,0.10592455451324481
16,134277704,2778410251,21.745144748920875,228,10.485099208701048,40,1871756879.2,1353773223.8958447,1.3826221749411758,0.0698625069576074
16,134277704,2778410251,21.745144748920875,230,10.577073763163337,34,1911085779.4117646,1353773223.8958447,1.4116734957366817,0.08076745841085255
16,134277704,2778410251,21.745144748920875,234,10.761022872087917,40,1579575195.0,1353773223.8958447,1.1667945318451118,0.09513544980247983
17,201692513,4259763509,22.172479481367464,2,0.09020191006065381,12644918,2020639864.955638,2076718320.9582524,0.9729965997619078,0.000163815858368961
17,201692513,4259763509,22.172479481367464,4,0.18040382012130762,12645598,2020533266.5806193,2076718320.9582524,0.9729452695579303,0.00016379833732341821
17,201692513,4259763509,22.172479481367464,6,0.27060573018196143,22681560,2027602615.3177316,2076718320.9582524,0.9763493656579013,0.00011886947759141802
17,201692513,4259763509,22.172479481367464,8,0.36080764024261525,10127945,2034914560.5317273,2076718320.9582524,0.9798702789855315,0.0001839107912468391
17,201692513,4259763509,22.172479481367464,10,0.45100955030326906,13127951,2036108400.6995902,2076718320.9582524,0.9804451475923207,0.00016019302070211216
17,201692513,4259763509,22.172479481367464,12,0.5412114603639229,17048063,2046267734.4284616,2076718320.9582524,0.9853371609319939,0.00013891772291727832
17,201692513,4259763509,22.172479481367464,14,0.6314133704245767,9464833,2050684445.4987226,2076718320.9582524,0.9874639351919825,0.00019006826733948993
17,201692513,4259763509,22.172479481367464,16,0.7216152804852305,7147817,2057317309.1141431,2076718320.9582524,0.990657851068046,0.00021983600445027335
17,201692513,4259763509,22.172479481367464,18,0.8118171905458843,13084412,2064018155.3599563,2076718320.9582524,0.9938845025489851,0.00015982851199561966
17,201692513,4259763509,22.172479481367464,20,0.9020191006065381,7240500,2076194584.6648924,2076718320.9582524,0.9997478058106993,0.00021772468596117166
17,201692513,4259763509,22.172479481367464,22,0.9922210106671919,6208269,2073783339.7122643,2076718320.9582524,0.9985867215518021,0.00023584529674410036
17,201692513,4259763509,22.172479481367464,24,1.0824229207278457,9491612,2084284188.4681787,2076718320.9582524,1.0036431842650837,0.00018884956587242438
17,201692513,4259763509,22.172479481367464,26,1.1726248307884994,4545258,2092686624.1875682,2076718320.9582524,1.0076892003446802,0.00027585881901882365
17,201692513,4259763509,22.172479481367464,28,1.2628267408491534,4955316,2093941386.340553,2076718320.9582524,1.008293404651216,0.00026396107258807813
17,201692513,4259763509,22.172479481367464,30,1.353028650909807,9005338,2106790262.6814806,2076718320.9582524,1.0144805106305184,0.00019342004359268898
17,201692513,4259763509,22.172479481367464,32,1.443230560970461,2869296,2117597280.6453152,2076718320.9582524,1.0196844026821126,0.0003474458255944849
17,201692513,4259763509,22.172479481367464,34,1.5334324710311147,3019969,2118208508.8823605,2076718320.9582524,1.0199787267755038,0.0003385242090171822
17,201692513,4259763509,22.172479481367464,36,1.6236343810917686,4973074,2126604010.406389,2076718320.9582524,1.024021403839264,0.0002621285950917399
17,201692513,4259763509,22.172479481367464,38,1.7138362911524223,2353654,2133219600.9234483,2076718320.9582524,1.0272070022183484,0.0003828923263451564
17,201692513,4259763509,22.172479481367464,40,1.8040382012130762,2799212,2137721051.7093732,2076718320.9582524,1.0293745811049486,0.00035045187715207525
17,201692513,4259763509,22.172479481367464,42,1.89424011127373,4187701,2149448996.5204725,2076718320.9582524,1.0350219260976425,0.00028496047559656046
17,201692513,4259763509,22.172479481367464,44,1.9844420213343839,1725851,2155596656.31126,2076718320.9582524,1.0379822022837508,0.0004460235867234118
17,201692513,4259763509,22.172479481367464,46,2.0746439313950376,1497166,2162076142.4310946,2076718320.9582524,1.04110226245486,0.0004784540211999779
17,201692513,4259763509,22.172479481367464,48,2.1648458414556915,2602184,2167629824.632735,2076718320.9582524,1.043776521234008,0.00036161355334112677
17,201692513,4259763509,22.172479481367464,50,2.2550477515163454,1492059,2175218919.1786256,2076718320.9582524,1.047430889989415,0.00047828838161904414
17,201692513,4259763509,22.172479481367464,52,2.345249661576999,1130371,2182909564.4999304,2076718320.9582524,1.0511341583834435,0.0005494214038802112
17,201692513,4259763509,22.172479481367464,54,2.435451571637653,1899507,2186196934.134829,2076718320.9582524,1.052717122043812,0.00042263356396379743
17,201692513,4259763509,22.172479481367464,56,2.5256534816983067,990531,2193782146.4358296,2076718320.9582524,1.0563696213858993,0.0005855349195909893
17,201692513,4259763509,22.172479481367464,58,2.6158553917589606,854732,2194333363.1620226,2076718320.9582524,1.0566350481992663,0.0006300588672370719
17,201692513,4259763509,22.172479481367464,60,2.706057301819614,1779244,2208376164.6003966,2076718320.9582524,1.0633970636814114,0.00043480649541960837
17,201692513,4259763509,22.172479481367464,62,2.796259211880268,564078,2221533587.033251,2076718320.9582524,1.0697327435374946,0.0007720026672324966
17,201692513,4259763509,22.172479481367464,64,2.886461121940922,575708,2216648902.7277336,2076718320.9582524,1.0673806266152233,0.0007655883080739653
17,201692513,4259763509,22.172479481367464,66,2.976663032001576,1066860,2225897942.9775453,2076718320.9582524,1.0718343072884615,0.0005601105198990798
17,201692513,4259763509,22.172479481367464,68,3.0668649420622294,439072,2232596391.797122,2076718320.9582524,1.0750598043392536,0.0008737253013323747
17,201692513,4259763509,22.172479481367464,70,3.1570668521228833,629666,2239775835.703138,2076718320.9582524,1.0785169144507023,0.0007289837153338742
17,201692513,4259763509,22.172479481367464,72,3.247268762183537,645145,2249541604.5708995,2076718320.9582524,1.0832194149146341,0.0007179007325465044
17,201692513,4259763509,22.172479481367464,74,3.3374706722441907,319865,2249258169.490363,2076718320.9582524,1.0830829327168916,0.001020506067570184
17,201692513,4259763509,22.172479481367464,76,3.4276725823048446,286373,2257775671.8751106,2076718320.9582524,1.0871843567274515,0.0010744889361463783
17,201692513,4259763509,22.172479481367464,78,3.5178744923654985,549556,2263587004.990465,2076718320.9582524,1.0899826818814728,0.0007751218025288098
17,201692513,4259763509,22.172479481367464,80,3.6080764024261525,284505,2275808261.426699,2076718320.9582524,1.0958675707048136,0.0010765062502207012
17,201692513,4259763509,22.172479481367464,82,3.698278312486806,202064,2276570974.3581934,2076718320.9582524,1.0962348390646084,0.001276909894100816
17,201692513,4259763509,22.172479481367464,84,3.78848022254746,421928,2283498564.8921947,2076718320.9582524,1.099570674485372,0.000880529774557259
17,201692513,4259763509,22.172479481367464,86,3.878682132608114,152608,2294669521.3216343,2076718320.9582524,1.1049498134454814,0.0014617138649426174
17,201692513,4259763509,22.172479481367464,88,3.9688840426687677,158601,2296917607.7647114,2076718320.9582524,1.1060323321580046,0.001435409936003181
17,201692513,4259763509,22.172479481367464,90,4.059085952729421,322735,2301315969.093581,2076718320.9582524,1.1081502704862225,0.0010031972520618082
17,201692513,4259763509,22.172479481367464,92,4.149287862790075,109422,2313395497.7709603,2076718320.9582524,1.1139669132901466,0.0017214434126752505
17,201692513,4259763509,22.172479481367464,94,4.239489772850729,100333,2317648987.7211385,2076718320.9582524,1.1160150918549774,0.001795936510661367
17,201692513,4259763509,22.172479481367464,96,4.329691682911383,177824,2321089843.7313747,2076718320.9582524,1.1176719636490533,0.0013453905382601746
17,201692513,4259763509,22.172479481367464,98,4.419893592972037,94024,2327695421.8845186,2076718320.9582524,1.1208527407850184,0.0018502730622327844
17,201692513,4259763509,22.172479481367464,100,4.510095503032691,98038,2327056242.3838305,2076718320.9582524,1.1205449573488935,0.0018127850044831126
17,201692513,4259763509,22.172479481367464,102,4.600297413093344,131397,2335722571.186808,2076718320.9582524,1.1247180455888905,0.0015631328121442202
17,201692513,4259763509,22.172479481367464,104,4.690499323153998,60476,2338125769.0814867,2076718320.9582524,1.125875254956394,0.0023093532386083155
17,201692513,4259763509,22.172479481367464,106,4.780701233214652,53434,2354315627.06101,2076718320.9582524,1.1336711403281052,0.002436604263285176
17,201692513,4259763509,22.172479481367464,108,4.870903143275306,92655,2351856007.9132805,2076718320.9582524,1.1324867624936599,0.0018548138923608188
17,201692513,4259763509,22.172479481367464,110,4.9611050533359595,56317,2367383599.7719517,2076718320.9582524,1.1399637475531967,0.0023681167556512004
17,201692513,4259763509,22.172479481367464,112,5.0513069633966134,44413,2363545717.977011,2076718320.9582524,1.1381156963484624,0.0026586749957981993
17,201692513,4259763509,22.172479481367464,114,5.141508873457267,68455,2374702882.5184574,2076718320.9582524,1.1434881941151784,0.0021438080453179747
17,201692513,4259763509,22.172479481367464,116,5.231710783517921,29199,2372608911.1826773,2076718320.9582524,1.1424798862890049,0.00328785337498088
17,201692513,4259763509,22.172479481367464,118,5.321912693578574,28707,2395075858.6097817,2076718320.9582524,1.1532983719740242,0.0033072248337877937
17,201692513,4259763509,22.172479481367464,120,5.412114603639228,61831,2390781647.2797947,2076718320.9582524,1.1512305848857851,0.0022530931126056425
17,201692513,4259763509,22.172479481367464,122,5.502316513699882,19791,2411970633.9352736,2076718320.9582524,1.16143369545771,0.003974533272751014
17,201692513,4259763509,22.172479481367464,124,5.592518423760536,19984,2396850964.203863,2076718320.9582524,1.1541531367132607,0.003961108748414575
17,201692513,4259763509,22.172479481367464,126,5.68272033382119,38370,2403460796.247798,2076718320.9582524,1.157335962220807,0.0028497066328882453
17,201692513,4259763509,22.172479481367464,128,5.772922243881844,13876,2415206497.3864226,2076718320.9582524,1.1629918573993139,0.0047079435145970395
17,201692513,4259763509,22.172479481367464,130,5.863124153942498,19101,2418706115.558819,2076718320.9582524,1.1646770248758456,0.004001774671540928
17,201692513,4259763509,22.172479481367464,132,5.953326064003152,24324,2421406780.929699,2076718320.9582524,1.1659774734458923,0.0035363358462800485
17,201692513,4259763509,22.172479481367464,134,6.043527974063805,10495,2430929654.4079084,2076718320.9582524,1.1705630127470603,0.005392100917169079
17,201692513,4259763509,22.172479481367464,136,6.133729884124459,9285,2426890303.7579966,2076718320.9582524,1.16861794845541,0.005679028374292293
17,201692513,4259763509,22.172479481367464,138,6.223931794185113,17792,2429955001.8999553,2076718320.9582524,1.170093689344788,0.004156757511714034
17,201692513,4259763509,22.172479481367464,140,6.314133704245767,11137,2458116390.0580945,2076718320.9582524,1.1836542131163243,0.005189058095914058
17,201692513,4259763509,22.172479481367464,142,6.4043356143064205,6705,2448766955.4331098,2076718320.9582524,1.1791521896446622,0.006779162048145752
17,201692513,4259763509,22.172479481367464,144,6.494537524367074,11490,2456019742.8550043,2076718320.9582524,1.182644616782565,0.005117555161147438
17,201692513,4259763509,22.172479481367464,146,6.584739434427728,4927,2447371064.9370813,2076718320.9582524,1.1784800279547782,0.007818125379652232
17,201692513,4259763509,22.172479481367464,148,6.674941344488381,5438,2455965799.0275836,2076718320.9582524,1.1826186412677944,0.007431627768388729
17,201692513,4259763509,22.172479481367464,150,6.765143254549035,11191,2463405637.818336,2076718320.9582524,1.1862011390556115,0.005179583380425843
17,201692513,4259763509,22.172479481367464,152,6.855345164609689,3575,2440309408.186014,2076718320.9582524,1.1750796357687985,0.009158587515468202
17,201692513,4259763509,22.172479481367464,154,6.945547074670343,4437,2476214811.123056,2076718320.9582524,1.1923691268734342,0.008162908658253212
17,201692513,4259763509,22.172479481367464,156,7.035748984730997,6269,2495216407.169086,2076718320.9582524,1.2015189455340902,0.006851271700358747
17,201692513,4259763509,22.172479481367464,158,7.125950894791651,2599,2517475687.7587533,2076718320.9582524,1.2122374336241826,0.010611051456602062
17,201692513,4259763509,22.172479481367464,160,7.216152804852305,3033,2506707636.7448072,2076718320.9582524,1.2070523052871929,0.009714279308876967
17,201692513,4259763509,22.172479481367464,162,7.306354714912959,4035,2483745789.6944237,2076718320.9582524,1.195995511104442,0.008549202456742773
17,201692513,4259763509,22.172479481367464,164,7.396556624973612,1948,2502884226.419918,2076718320.9582524,1.2052112225142895,0.01233252384909919
17,201692513,4259763509,22.172479481367464,166,7.486758535034266,1700,2519312969.9870586,2076718320.9582524,1.2131221382130348,0.012626378357308022
17,201692513,4259763509,22.172479481367464,168,7.57696044509492,3824,2530887863.7013597,2076718320.9582524,1.2186957846712412,0.00872861050671342
17,201692513,4259763509,22.172479481367464,170,7.667162355155574,1831,2566839620.21136,2076718320.9582524,1.2360075963633588,0.012685125056411976
17,201692513,4259763509,22.172479481367464,172,7.757364265216228,1212,2474876122.5049505,2076718320.9582524,1.1917245095439701,0.015489010301883113
17,201692513,4259763509,22.172479481367464,174,7.8475661752768815,2189,2538398998.2800364,2076718320.9582524,1.2223126134452131,0.011617616417940244
17,201692513,4259763509,22.172479481367464,176,7.937768085337535,1017,2499087237.973451,2076718320.9582524,1.2033828626408547,0.016927440882823403
17,201692513,4259763509,22.172479481367464,178,8.02796999539819,896,2512645213.113839,2076718320.9582524,1.2099114202230559,0.01774640842353924
17,201692513,4259763509,22.172479481367464,180,8.118171905458842,1985,2556167587.007053,2076718320.9582524,1.2308687033817711,0.011667477331844582
17,201692513,4259763509,22.172479481367464,182,8.208373815519497,770,2572983349.337662,2076718320.9582524,1.2389659798207107,0.01880389609611983
17,201692513,4259763509,22.172479481367464,184,8.29857572558015,679,2512087132.826215,2076718320.9582524,1.2096426884061349,0.0212224271666917
17,201692513,4259763509,22.172479481367464,186,8.388777635640805,1054,2559206588.14611,2076718320.9582524,1.2323320704202314,0.015980605892546025
17,201692513,4259763509,22.172479481367464,188,8.478979545701458,418,2625084603.2057414,2076718320.9582524,1.2640542420767291,0.024993750250676287
17,201692513,4259763509,22.172479481367464,190,8.569181455762111,661,2594990473.490166,2076718320.9582524,1.2495630472854737,0.0199937999381847
17,201692513,4259763509,22.172479481367464,192,8.659383365822766,731,2614280355.134063,2076718320.9582524,1.2588516838084065,0.019517173796911303
17,201692513,4259763509,22.172479481367464,194,8.749585275883419,350,2574831811.8285713,2076718320.9582524,1.2398560680297155,0.027784914269549585
17,201692513,4259763509,22.172479481367464,196,8.839787185944074,380,2638137121.3789473,2076718320.9582524,1.2703394074944365,0.027063715073258346
17,201692513,4259763509,22.172479481367464,198,8.929989096004727,642,2540297435.29595,2076718320.9582524,1.2232267658349496,0.021355409956938624
17,201692513,4259763509,22.172479481367464,200,9.020191006065382,310,2604833378.580645,2076718320.9582524,1.2543026910740145,0.028643932741755754
17,201692513,4259763509,22.172479481367464,202,9.110392916126035,230,2663026311.426087,2076718320.9582524,1.2823242731336315,0.03628908941536356
17,201692513,4259763509,22.172479481367464,204,9.200594826186688,408,2600316780.122549,2076718320.9582524,1.2521278181446844,0.026609049840292685
17,201692513,4259763509,22.172479481367464,206,9.290796736247342,171,2689414520.859649,2076718320.9582524,1.2950309600093877,0.040069992446874425
17,201692513,4259763509,22.172479481367464,208,9.380998646307996,170,2489026308.2941175,2076718320.9582524,1.1985382337001849,0.04060405190958709
17,201692513,4259763509,22.172479481367464,210,9.47120055636865,412,2527749370.0485435,2076718320.9582524,1.21718450910674,0.02655192404286254
17,201692513,4259763509,22.172479481367464,212,9.561402466429303,123,2627984382.3170733,2076718320.9582524,1.265450569677862,0.04669229504229718
17,201692513,4259763509,22.172479481367464,214,9.651604376489958,98,2349488522.6530614,2076718320.9582524,1.131346749793658,0.05160025686179526
17,201692513,4259763509,22.172479481367464,216,9.741806286550611,186,2659646794.677419,2076718320.9582524,1.280696937969993,0.036489238315674175
17,201692513,4259763509,22.172479481367464,218,9.832008196611264,78,2663682943.8461537,2076718320.9582524,1.2826404606557622,0.061341097755179076
17,201692513,4259763509,22.172479481367464,220,9.922210106671919,113,2681422162.8761063,2076718320.9582524,1.2911824082328256,0.050481595131780285
17,201692513,4259763509,22.172479481367464,222,10.012412016732572,106,2592332534.4905663,2076718320.9582524,1.2482831727002803,0.051293783312206936
17,201692513,4259763509,22.172479481367464,224,10.102613926793227,62,2796107003.0,2076718320.9582524,1.3464064792907509,0.07000435363783526
17,201692513,4259763509,22.172479481367464,226,10.19281583685388,52,2526838446.8846154,2076718320.9582524,1.2167458732288092,0.07262813565103049
17,201692513,4259763509,22.172479481367464,228,10.283017746914535,85,2781992007.1647058,2076718320.9582524,1.3396097001162013,0.052955171683225825
17,201692513,4259763509,22.172479481367464,230,10.373219656975188,56,2546487941.857143,2076718320.9582524,1.2262076739815762,0.0632384762536739
17,201692513,4259763509,22.172479481367464,232,10.463421567035843,31,3113364833.2580647,2076718320.9582524,1.4991753103143408,0.083976818761688
17,201692513,4259763509,22.172479481367464,234,10.553623477096496,87,2646220675.643678,2076718320.9582524,1.2742318729208506,0.060488012979745126
17,201692513,4259763509,22.172479481367464,236,10.643825387157149,30,2562549615.4,2076718320.9582524,1.2339418348356326,0.10478386474151523
17,201692513,4259763509,22.172479481367464,238,10.734027297217803,33,2750068672.818182,2076718320.9582524,1.3242376903330964,0.08326120009428664
17,201692513,4259763509,22.172479481367464,240,10.824229207278456,54,2732729350.259259,2076718320.9582524,1.3158883044852736,0.06972110822585878
18,302953271,6528037501,22.599372199230196,2,0.08849803358998291,18614407,3100101989.3580804,3184272243.1975045,0.9735668788938397,0.00013498256259862807
18,302953271,6528037501,22.599372199230196,4,0.17699606717996583,18611619,3099588466.3887124,3184272243.1975045,0.9734056103432424,0.00013498952620059272
18,302953271,6528037501,22.599372199230196,6,0.2654941007699488,33465108,3110117802.923966,3184272243.1975045,0.9767122800407682,9.787933312401863e-05
18,302953271,6528037501,22.599372199230196,8,0.35399213435993165,14979220,3120600615.879738,3184272243.1975045,0.980004339310564,0.0001511411182068636
18,302953271,6528037501,22.599372199230196,10,0.4424901679499146,19430829,3123179062.514043,3184272243.1975045,0.980814083715997,0.00013164711373903851
18,302953271,6528037501,22.599372199230196,12,0.5309882015398976,25313750,3137626498.755219,3184272243.1975045,0.9853512071582655,0.00011398054755732666
18,302953271,6528037501,22.599372199230196,14,0.6194862351298804,14083148,3145430638.4012866,3184272243.1975045,0.987802046486699,0.00015581145657762204
18,302953271,6528037501,22.599372199230196,16,0.7079842687198633,10657477,3154463721.9141064,3184272243.1975045,0.9906388276482712,0.00017998235729057394
18,302953271,6528037501,22.599372199230196,18,0.7964823023098463,19545002,3163095759.375116,3184272243.1975045,0.9933496629040977,0.00013071605929860635
18,302953271,6528037501,22.599372199230196,20,0.8849803358998292,10864392,3181409917.911037,3184272243.1975045,0.9991011053490849,0.00017767494294345016
18,302953271,6528037501,22.599372199230196,22,0.9734783694898121,9311133,3178782363.4030213,3184272243.1975045,0.9982759389351175,0.00019252838594498547
18,302953271,6528037501,22.599372199230196,24,1.0619764030797951,14286397,3193878093.0405226,3184272243.1975045,1.0030166547045527,0.00015387111608415247
18,302953271,6528037501,22.599372199230196,26,1.150474436669778,6859385,3205520149.0345473,3184272243.1975045,1.0066727667153568,0.00022456558915603944
18,302953271,6528037501,22.599372199230196,28,1.2389724702597609,7481932,3207329269.6290274,3184272243.1975045,1.007240909278652,0.00021475871124057518
18,302953271,6528037501,22.599372199230196,30,1.3274705038497439,13662510,3226600343.4851246,3184272243.1975045,1.0132928647599289,0.00015696966270208946
18,302953271,6528037501,22.599372199230196,32,1.4159685374397266,4366189,3240561461.792535,3184272243.1975045,1.0176772632161963,0.00028154807161754784
18,302953271,6528037501,22.599372199230196,34,1.5044665710297096,4597466,3241364106.0607786,3184272243.1975045,1.0179293284313986,0.00027417331381201945
18,302953271,6528037501,22.599372199230196,36,1.5929646046196926,7597795,3255048999.4497757,3184272243.1975045,1.0222269802475181,0.00021198388818018154
18,302953271,6528037501,22.599372199230196,38,1.6814626382096753,3605523,3264847107.08787,3184272243.1975045,1.0253040122629262,0.0003093269073036405
18,302953271,6528037501,22.599372199230196,40,1.7699606717996583,4293370,3270941377.940647,3184272243.1975045,1.027217878411085,0.0002829797082768776
18,302953271,6528037501,22.599372199230196,42,1.8584587053896413,6451320,3287888794.440377,3184272243.1975045,1.0325401044035185,0.0002295529633832702
18,302953271,6528037501,22.599372199230196,44,1.9469567389796243,2663720,3295806822.009032,3184272243.1975045,1.0350267094937615,0.000358983516042561
18,302953271,6528037501,22.599372199230196,46,2.035454772569607,2317336,3306463552.375382,3184272243.1975045,1.038373386395875,0.0003847409457504179
18,302953271,6528037501,22.599372199230196,48,2.1239528061595903,4038012,3315248779.546694,3184272243.1975045,1.0411323298844788,0.00029036544598704016
18,302953271,6528037501,22.599372199230196,50,2.212450839749573,2321672,3325813045.5469513,3184272243.1975045,1.0444499689534452,0.00038344972037580535
18,302953271,6528037501,22.599372199230196,52,2.300948873339556,1764309,3337265882.5574994,3184272243.1975045,1.0480466579724244,0.0004396850007079867
18,302953271,6528037501,22.599372199230196,54,2.389446906929539,2969564,3342861400.492919,3184272243.1975045,1.0498038940088132,0.00033806572714970424
18,302953271,6528037501,22.599372199230196,56,2.4779449405195217,1554139,3355888956.370808,3184272243.1975045,1.0538951132523058,0.00046788984150050185
18,302953271,6528037501,22.599372199230196,58,2.5664429741095045,1340589,3355124171.8928103,3184272243.1975045,1.0536549376581394,0.0005036293134442387
18,302953271,6528037501,22.599372199230196,60,2.6549410076994877,2803280,3373613956.689478,3184272243.1975045,1.0594615343887321,0.0003465717591255436
18,302953271,6528037501,22.599372199230196,62,2.7434390412894705,893123,3392007599.5393815,3184272243.1975045,1.0652379383658723,0.0006141255586156871
18,302953271,6528037501,22.599372199230196,64,2.8319370748794532,910321,3386332706.7794075,3184272243.1975045,1.0634557751817737,0.0006090690581459948
18,302953271,6528037501,22.599372199230196,66,2.9204351084694364,1694272,3401440930.429753,3184272243.1975045,1.0682004146147306,0.0004451514907288975
18,302953271,6528037501,22.599372199230196,68,3.008933142059419,700618,3414583663.647897,3184272243.1975045,1.0723278045532703,0.0006924063456258358
18,302953271,6528037501,22.599372199230196,70,3.097431175649402,1004262,3419258485.100581,3184272243.1975045,1.073795901843843,0.0005774419263541309
18,302953271,6528037501,22.599372199230196,72,3.185929209239385,1035846,3438289985.449505,3184272243.1975045,1.0797726208224354,0.0005673019222556205
18,302953271,6528037501,22.599372199230196,74,3.274427242829368,513886,3439281067.5016675,3184272243.1975045,1.0800838636988195,0.0008061977704363316
18,302953271,6528037501,22.599372199230196,76,3.3629252764193507,461750,3453528067.708227,3184272243.1975045,1.0845580415072638,0.0008494202115694112
18,302953271,6528037501,22.599372199230196,78,3.451423310009334,885840,3454930064.414208,3184272243.1975045,1.0849983294597074,0.0006114839699798048
18,302953271,6528037501,22.599372199230196,80,3.5399213435993166,460623,3471670822.0353975,3184272243.1975045,1.0902556555746314,0.0008467425824895473
18,302953271,6528037501,22.599372199230196,82,3.6284193771893,327661,3475476705.1474757,3184272243.1975045,1.0914508684274924,0.0010042261614506681
18,302953271,6528037501,22.599372199230196,84,3.7169174107792826,686064,3484663173.081637,3184272243.1975045,1.0943358189695782,0.0006920879232931492
18,302953271,6528037501,22.599372199230196,86,3.8054154443692654,249653,3503524941.627046,3184272243.1975045,1.1002592347785447,0.001145612388801204
18,302953271,6528037501,22.599372199230196,88,3.8939134779592486,258732,3499973056.721604,3184272243.1975045,1.0991437884114728,0.0011249609906301664
18,302953271,6528037501,22.599372199230196,90,3.9824115115492313,529646,3514026952.415655,3184272243.1975045,1.1035573230029558,0.0007851738080721523
18,302953271,6528037501,22.599372199230196,92,4.070909545139214,180351,3529113976.720046,3184272243.1975045,1.1082953049191129,0.0013425842069635602
18,302953271,6528037501,22.599372199230196,94,4.159407578729197,165342,3532021830.191893,3184272243.1975045,1.1092084974007104,0.0014009562931311787
18,302953271,6528037501,22.599372199230196,96,4.2479056123191805,293835,3539671828.1155853,3184272243.1975045,1.111610929523163,0.0010497624344001175
18,302953271,6528037501,22.599372199230196,98,4.336403645909163,155152,3540686831.510854,3184272243.1975045,1.1119296847418592,0.0014420800527900615
18,302953271,6528037501,22.599372199230196,100,4.424901679499146,162715,3551473908.795864,3184272243.1975045,1.1153172962465143,0.0014098335060302235
18,302953271,6528037501,22.599372199230196,102,4.513399713089129,218840,3563188394.4640374,3184272243.1975045,1.1189961543256874,0.0012128253137252383
18,302953271,6528037501,22.599372199230196,104,4.601897746679112,101132,3573941299.503599,3184272243.1975045,1.1223730342587812,0.0017870199079928447
18,302953271,6528037501,22.599372199230196,106,4.690395780269094,88994,3574618622.336337,3184272243.1975045,1.1225857430917603,0.0018918661233628818
18,302953271,6528037501,22.599372199230196,108,4.778893813859078,156001,3593811908.4152346,3184272243.1975045,1.1286132698272333,0.0014325694895512048
18,302953271,6528037501,22.599372199230196,110,4.867391847449061,95315,3610487214.498694,3184272243.1975045,1.1338500413121722,0.0018229661759121495
18,302953271,6528037501,22.599372199230196,112,4.9558898810390435,74858,3600224704.706698,3184272243.1975045,1.1306271668189753,0.0020559189435575566
18,302953271,6528037501,22.599372199230196,114,5.044387914629026,115513,3611838555.0518904,3184272243.1975045,1.1342744210291023,0.001654060666123925
18,302953271,6528037501,22.599372199230196,116,5.132885948219009,49507,3618753705.360232,3184272243.1975045,1.1364460790345112,0.002529034707135365
18,302953271,6528037501,22.599372199230196,118,5.221383981808992,48710,3632665807.5155,3184272243.1975045,1.1408150842868068,0.0025346193254484656
18,302953271,6528037501,22.599372199230196,120,5.309882015398975,104945,3632153252.164591,3184272243.1975045,1.1406541196104967,0.0017292600265850374
18,302953271,6528037501,22.599372199230196,122,5.398380048988958,33760,3654758129.4464455,3184272243.1975045,1.1477530343876943,0.0030351050627069973
18,302953271,6528037501,22.599372199230196,124,5.486878082578941,34410,3660558528.3234525,3184272243.1975045,1.1495746119520491,0.003017535362474351
18,302953271,6528037501,22.599372199230196,126,5.575376116168924,66370,3670277920.3314753,3184272243.1975045,1.15262692383549,0.0021653732848129245
18,302953271,6528037501,22.599372199230196,128,5.6638741497589065,24043,3679472833.6075783,3184272243.1975045,1.1555145265823175,0.0035805494760996945
18,302953271,6528037501,22.599372199230196,130,5.75237218334889,32851,3672339044.0131197,3184272243.1975045,1.1532742063302728,0.003065229621215285
18,302953271,6528037501,22.599372199230196,132,5.840870216938873,42061,3685961348.7474146,3184272243.1975045,1.1575522025862135,0.0027103205731062716
18,302953271,6528037501,22.599372199230196,134,5.929368250528856,18254,3700976439.1027718,3184272243.1975045,1.162267594113252,0.004104890567521395
18,302953271,6528037501,22.599372199230196,136,6.017866284118838,16385,3719161797.688923,3184272243.1975045,1.167978587771222,0.004319436229483087
18,302953271,6528037501,22.599372199230196,138,6.106364317708821,30954,3699484790.6738386,3184272243.1975045,1.161799151619957,0.0031551138315183674
18,302953271,6528037501,22.599372199230196,140,6.194862351298804,19495,3728573588.655399,3184272243.1975045,1.170934299546992,0.003943038253374672
18,302953271,6528037501,22.599372199230196,142,6.283360384888788,11719,3715736348.596382,3184272243.1975045,1.166902847749351,0.005099313364273454
18,302953271,6528037501,22.599372199230196,144,6.37185841847877,20319,3738277987.0289383,3184272243.1975045,1.1739819027769829,0.0038533525498071377
18,302953271,6528037501,22.599372199230196,146,6.460356452068753,8707,3741230048.31802,3184272243.1975045,1.1749089784362292,0.005933842155126415
18,302953271,6528037501,22.599372199230196,148,6.548854485658736,9586,3735393594.613186,3184272243.1975045,1.1730760780875538,0.005619719170401547
18,302953271,6528037501,22.599372199230196,150,6.637352519248719,20046,3767846137.4188366,3184272243.1975045,1.1832675882120347,0.0038817833339252583
18,302953271,6528037501,22.599372199230196,152,6.725850552838701,6385,3753568313.047925,3184272243.1975045,1.1787837302751345,0.0069277005716584465
18,302953271,6528037501,22.599372199230196,154,6.814348586428685,8092,3811286388.686357,3184272243.1975045,1.1969097167581477,0.006100791942691179
18,302953271,6528037501,22.599372199230196,156,6.902846620018668,11228,3782991221.008194,3184272243.1975045,1.1880238032692463,0.005127957746467293
18,302953271,6528037501,22.599372199230196,158,6.9913446536086505,4640,3791682069.8426723,3184272243.1975045,1.190753107854633,0.00794239272599763
18,302953271,6528037501,22.599372199230196,160,7.079842687198633,5577,3841137741.5476065,3184272243.1975045,1.2062843400884928,0.007274836006356292
18,302953271,6528037501,22.599372199230196,162,7.168340720788616,7366,3824838724.144176,3184272243.1975045,1.201165739617616,0.006408578552709
18,302953271,6528037501,22.599372199230196,164,7.2568387543786,3576,3826763987.333893,3184272243.1975045,1.201770356008011,0.009069497043277612
18,302953271,6528037501,22.599372199230196,166,7.3453367879685825,3105,3820730808.1671495,3184272243.1975045,1.1998756753067512,0.009568381445686962
18,302953271,6528037501,22.599372199230196,168,7.433834821558565,6877,3815454156.519267,3184272243.1975045,1.1982185771553118,0.006507637843965042
18,302953271,6528037501,22.599372199230196,170,7.522332855148548,3250,3814464726.8775387,3184272243.1975045,1.197907853207684,0.009408879153525736
18,302953271,6528037501,22.599372199230196,172,7.610830888738531,2180,3778938880.2229357,3184272243.1975045,1.186751191986114,0.011686766532171844
18,302953271,6528037501,22.599372199230196,174,7.6993289223285135,3981,3834689689.91585,3184272243.1975045,1.2042593713862937,0.008537590060430034
18,302953271,6528037501,22.599372199230196,176,7.787826955918497,1841,3798143910.0429115,3184272243.1975045,1.1927824067671375,0.01260054190062655
18,302953271,6528037501,22.599372199230196,178,7.87632498950848,1686,3903774734.530249,3184272243.1975045,1.2259550805901736,0.013358500670036574
18,302953271,6528037501,22.599372199230196,180,7.964823023098463,3744,3911628820.298077,3184272243.1975045,1.2284216051734929,0.008718499325408963
18,302953271,6528037501,22.599372199230196,182,8.053321056688446,1460,3906151557.368493,3184272243.1975045,1.2267015063530213,0.013778577962329099
18,302953271,6528037501,22.599372199230196,184,8.141819090278428,1233,3826305889.1313868,3184272243.1975045,1.2016264932451821,0.015540212977471124
18,302953271,6528037501,22.599372199230196,186,8.230317123868412,1958,3874706171.3615932,3184272243.1975045,1.2168262872746036,0.011973181379706238
18,302953271,6528037501,22.599372199230196,188,8.318815157458394,780,3930137994.523077,3184272243.1975045,1.2342342910280206,0.01875341743182884
18,302953271,6528037501,22.599372199230196,190,8.407313191048377,1243,3929251961.5422363,3184272243.1975045,1.2339560381296595,0.014955940850494764
18,302953271,6528037501,22.599372199230196,192,8.495811224638361,1410,3951500954.251064,3184272243.1975045,1.2409431896699707,0.013889348291597728
18,302953271,6528037501,22.599372199230196,194,8.584309258228343,643,3885822607.0342145,3184272243.1975045,1.2203173316400373,0.021007737302937212
18,302953271,6528037501,22.599372199230196,196,8.672807291818327,676,3888564022.745562,3184272243.1975045,1.221178255424806,0.02046109907121237
18,302953271,6528037501,22.599372199230196,198,8.761305325408308,1144,3813697086.498252,3184272243.1975045,1.1976667807362813,0.015978519194619012
18,302953271,6528037501,22.599372199230196,200,8.849803358998292,564,3885006196.255319,3184272243.1975045,1.2200609431416483,0.022146625986088467
18,302953271,6528037501,22.599372199230196,202,8.938301392588274,437,3975066661.562929,3184272243.1975045,1.2483438468726356,0.025139415040704764
18,302953271,6528037501,22.599372199230196,204,9.026799426178258,743,3907648503.228802,3184272243.1975045,1.2271716124702061,0.019858992495791098
18,302953271,6528037501,22.599372199230196,206,9.115297459768241,340,4036866337.611765,3184272243.1975045,1.2677516334338685,0.027725639626874087
18,302953271,6528037501,22.599372199230196,208,9.203795493358223,355,4020622520.825352,3184272243.1975045,1.2626503683579586,0.028616196351495777
18,302953271,6528037501,22.599372199230196,210,9.292293526948207,797,3906158654.154329,3184272243.1975045,1.2267037350524834,0.0189653692983899
18,302953271,6528037501,22.599372199230196,212,9.380791560538189,224,3896066256.205357,3184272243.1975045,1.2235342830778504,0.03490727825200749
18,302953271,6528037501,22.599372199230196,214,9.469289594128172,179,3715723594.1173186,3184272243.1975045,1.1668988422881061,0.041119653506013376
18,302953271,6528037501,22.599372199230196,216,9.557787627718156,334,3917006042.1497006,3184272243.1975045,1.2301102867437042,0.02861287693221098
18,302953271,6528037501,22.599372199230196,218,9.646285661308138,155,4066775185.8258066,3184272243.1975045,1.2771443128060345,0.04276663382699027
18,302953271,6528037501,22.599372199230196,220,9.734783694898121,224,4090424445.598214,3184272243.1975045,1.284571209115836,0.03539840666303174
18,302953271,6528037501,22.599372199230196,222,9.823281728488103,250,4223606244.056,3184272243.1975045,1.326396087231173,0.03264088880633501
18,302953271,6528037501,22.599372199230196,224,9.911779762078087,132,4146117211.5454545,3184272243.1975045,1.302061160254975,0.04267763563936917
18,302953271,6528037501,22.599372199230196,226,10.00027779566807,105,4001102720.0285716,3184272243.1975045,1.2565203017977014,0.05307795109737982
18,302953271,6528037501,22.599372199230196,228,10.088775829258052,189,4257878494.280423,3184272243.1975045,1.337159064642303,0.0359673575909337
18,302953271,6528037501,22.599372199230196,230,10.177273862848036,96,3733366938.75,3184272243.1975045,1.1724396199871148,0.05292661020982129
18,302953271,6528037501,22.599372199230196,232,10.265771896438018,65,4330162600.415384,3184272243.1975045,1.3598594183226078,0.05586022194781389
18,302953271,6528037501,22.599372199230196,234,10.354269930028002,162,3962341626.962963,3184272243.1975045,1.2443476324700666,0.04242831348319876
18,302953271,6528037501,22.599372199230196,236,10.442767963617984,64,4058825143.25,3184272243.1975045,1.2746476536108948,0.06736605895596998
18,302953271,6528037501,22.599372199230196,238,10.531265997207967,69,4056532034.478261,3184272243.1975045,1.2739275177064862,0.056973975046092376
18,302953271,6528037501,22.599372199230196,240,10.61976403079795,108,4110743688.4444447,3184272243.1975045,1.290952335255298,0.04960336649040356
18,302953271,6528037501,22.599372199230196,242,10.708262064387933,43,4005919987.7906976,3184272243.1975045,1.2580331334258439,0.08556253038367241
18,302953271,6528037501,22.599372199230196,244,10.796760097977916,36,4144171045.0,3184272243.1975045,1.3014499793015837,0.09214986657192728
18,302953271,6528037501,22.599372199230196,246,10.885258131567898,52,4031604683.3461537,3184272243.1975045,1.2660992451128474,0.0733803092549454
18,302953271,6528037501,22.599372199230196,248,10.973756165157882,37,4160967474.4594593,3184272243.1975045,1.3067247887954456,0.09451516837657824
18,302953271,6528037501,22.599372199230196,250,11.062254198747866,33,3892368434.090909,3184272243.1975045,1.2223730060788915,0.11503168616736496
18,302953271,6528037501,22.599372199230196,252,11.150752232337847,60,4149085707.1,3184272243.1975045,1.3029933969884662,0.06257499982064593
18,302953271,6528037501,22.599372199230196,258,11.416246333107797,47,4694040611.382978,3184272243.1975045,1.4741329424363012,0.05946107464300988
19,455052511,9999999967,23.025850926640455,2,0.08685889639309874,27412679,4754066729.254477,4880365196.934589,0.9741211031175613,0.00011121143073076158
19,455052511,9999999967,23.025850926640455,4,0.17371779278619748,27409998,4753877675.944538,4880365196.934589,0.9740823655841372,0.00011122425482762416
19,455052511,9999999967,23.025850926640455,6,0.2605766891792962,49392723,4768958851.223284,4880365196.934589,0.9771725390998851,8.05976502231943e-05
19,455052511,9999999967,23.025850926640455,8,0.34743558557239496,22160841,4784330039.237434,4880365196.934589,0.9803221370078051,0.00012422935666093544
19,455052511,9999999967,23.025850926640455,10,0.4342944819654937,28764495,4788214013.4909725,4880365196.934589,0.9811179738144395,0.00010817454918554605
19,455052511,9999999967,23.025850926640455,12,0.5211533783585924,37588207,4808792973.672215,4880365196.934589,0.985334658294152,9.351368979669735e-05
19,455052511,9999999967,23.025850926640455,14,0.6080122747516912,20943953,4819451854.335788,4880365196.934589,0.9875186917083455,0.00012767908993723413
19,455052511,9999999967,23.025850926640455,16,0.6948711711447899,15888305,4834235885.4265785,4880365196.934589,0.9905479795780477,0.0001473385415111812
19,455052511,9999999967,23.025850926640455,18,0.7817300675378887,29189691,4846241845.713798,4880365196.934589,0.9930080332426301,0.00010693795823535605
19,455052511,9999999967,23.025850926640455,20,0.8685889639309874,16296072,4873358217.108715,4880365196.934589,0.9985642509232147,0.00014501518709167006
19,455052511,9999999967,23.025850926640455,22,0.9554478603240861,13954281,4868663200.654708,4880365196.934589,0.9976022293808603,0.00015717350071640053
19,455052511,9999999967,23.025850926640455,24,1.0423067567171849,21487314,4891269832.92624,4880365196.934589,1.002234389344162,0.00012540096398978073
19,455052511,9999999967,23.025850926640455,26,1.1291656531102836,10347754,4909050269.904498,4880365196.934589,1.005877648866918,0.0001827705899240995
19,455052511,9999999967,23.025850926640455,28,1.2160245495033823,11287965,4910682388.433863,4880365196.934589,1.0062120743583525,0.00017477248586129278
19,455052511,9999999967,23.025850926640455,30,1.302883445896481,20706430,4939116116.32893,4880365196.934589,1.0120382219411044,0.000127439232464595
19,455052511,9999999967,23.025850926640455,32,1.3897423422895798,6641319,4960406835.523358,4880365196.934589,1.0164007477635166,0.0002282463303593168
19,455052511,9999999967,23.025850926640455,34,1.4766012386826786,6996756,4962732101.702552,4880365196.934589,1.0168772010790705,0.0002222686319306491
19,455052511,9999999967,23.025850926640455,36,1.5634601350757773,11593345,4980428444.524365,4880365196.934589,1.0205032294822172,0.00017153054487697167
19,455052511,9999999967,23.025850926640455,38,1.650319031468876,5517814,4997376511.344071,4880365196.934589,1.0239759341130819,0.00025010828587160403
19,455052511,9999999967,23.025850926640455,40,1.7371779278619748,6576432,5004101997.795296,4880365196.934589,1.025354004437706,0.00022863234286181163
19,455052511,9999999967,23.025850926640455,42,1.8240368242550735,9919519,5028112163.297605,4880365196.934589,1.0302737521478549,0.0001851309588189217
19,455052511,9999999967,23.025850926640455,44,1.9108957206481723,4106969,5042024180.258286,4880365196.934589,1.0331243619689028,0.00028927797752129644
19,455052511,9999999967,23.025850926640455,46,1.997754617041271,3580023,5055075326.522289,4880365196.934589,1.03579857706088,0.00030955763742718354
19,455052511,9999999967,23.025850926640455,48,2.0846135134343697,6250795,5067583361.864029,4880365196.934589,1.0383615072591357,0.0002333829505736713
19,455052511,9999999967,23.025850926640455,50,2.1714724098274685,3607750,5087234000.309401,4880365196.934589,1.0423879761098098,0.00030778706641144764
19,455052511,9999999967,23.025850926640455,52,2.258331306220567,2742999,5096152885.178582,4880365196.934589,1.0442154796898255,0.0003526543806692793
19,455052511,9999999967,23.025850926640455,54,2.345190202613666,4627165,5107136560.032894,4880365196.934589,1.0464660643102575,0.0002708698281876251
19,455052511,9999999967,23.025850926640455,56,2.4320490990067647,2431627,5128990994.355635,4880365196.934589,1.0509440968838173,0.000374090851890968
19,455052511,9999999967,23.025850926640455,58,2.5189079953998634,2096211,5126741048.83923,4880365196.934589,1.0504830769753444,0.000403004526095709
19,455052511,9999999967,23.025850926640455,60,2.605766891792962,4404886,5153908801.216368,4880365196.934589,1.056049822757853,0.0002766528449111047
19,455052511,9999999967,23.025850926640455,62,2.692625788186061,1409677,5180228201.638432,4880365196.934589,1.0614427389352317,0.0004894679908773901
19,455052511,9999999967,23.025850926640455,64,2.7794846845791596,1434957,5172361627.500257,4880365196.934589,1.0598308566639794,0.0004855238799779201
19,455052511,9999999967,23.025850926640455,66,2.8663435809722584,2681236,5194019006.072005,4880365196.934589,1.064268511982346,0.00035401729433531576
19,455052511,9999999967,23.025850926640455,68,2.953202477365357,1114470,5218386871.747875,4880365196.934589,1.0692615534234202,0.0005492841610391863
19,455052511,9999999967,23.025850926640455,70,3.040061373758456,1597388,5221882005.100004,4880365196.934589,1.0699777156799506,0.0004582446529460549
19,455052511,9999999967,23.025850926640455,72,3.1269202701515546,1655084,5247781029.728488,4880365196.934589,1.0752844957227128,0.000449025471389805
19,455052511,9999999967,23.025850926640455,74,3.2137791665446533,821015,5246629737.062489,4880365196.934589,1.0750485927483364,0.0006376715301897771
19,455052511,9999999967,23.025850926640455,76,3.300638062937752,740952,5270607773.85753,4880365196.934589,1.0799617571996571,0.0006705403996027625
19,455052511,9999999967,23.025850926640455,78,3.387496959330851,1424800,5278488004.979912,4880365196.934589,1.0815764378238308,0.000482976851935493
19,455052511,9999999967,23.025850926640455,80,3.4743558557239496,741798,5293511228.554059,4880365196.934589,1.0846547368789063,0.0006682035790815663
19,455052511,9999999967,23.025850926640455,82,3.5612147521170483,530510,5311275511.119127,4880365196.934589,1.0882946863188019,0.0007902445837489437
19,455052511,9999999967,23.025850926640455,84,3.648073648510147,1110789,5317599396.48947,4880365196.934589,1.089590467498111,0.0005448892532839905
19,455052511,9999999967,23.025850926640455,86,3.7349325449032458,405566,5338060495.418945,4880365196.934589,1.0937830018892518,0.0008994627727945808
19,455052511,9999999967,23.025850926640455,88,3.8217914412963445,422019,5349134140.810241,4880365196.934589,1.0960520217155245,0.0008829031564094945
19,455052511,9999999967,23.025850926640455,90,3.9086503376894433,865284,5362319288.432158,4880365196.934589,1.0987536940473819,0.0006150494496827739
19,455052511,9999999967,23.025850926640455,92,3.995509234082542,295784,5384015160.751981,4880365196.934589,1.1031992368386159,0.0010504473397514133
19,455052511,9999999967,23.025850926640455,94,4.082368130475641,271435,5386795263.617046,4880365196.934589,1.10376888741862,0.0010952567697729279
19,455052511,9999999967,23.025850926640455,96,4.1692270268687395,484048,5402457236.199505,4880365196.934589,1.1069780678693568,0.0008194811670784959
19,455052511,9999999967,23.025850926640455,98,4.256085923261838,256434,5413700455.817918,4880365196.934589,1.1092818339124133,0.0011263058054331377
19,455052511,9999999967,23.025850926640455,100,4.342944819654937,268933,5419440940.00782,4880365196.934589,1.110458074615365,0.001097864050973923
19,455052511,9999999967,23.025850926640455,102,4.429803716048036,362835,5436817160.159078,4880365196.934589,1.1140185090193664,0.0009437670113101958
19,455052511,9999999967,23.025850926640455,104,4.516662612441134,168126,5448879153.085364,4880365196.934589,1.1164900439229148,0.0013843252930898513
19,455052511,9999999967,23.025850926640455,106,4.603521508834233,147930,5450183947.757493,4880365196.934589,1.1167573998726188,0.001473762652813089
19,455052511,9999999967,23.025850926640455,108,4.690380405227332,260372,5474438208.663865,4880365196.934589,1.1217271633898258,0.0011092643590689779
19,455052511,9999999967,23.025850926640455,110,4.777239301620431,159634,5494641312.038613,4880365196.934589,1.1258668337955235,0.0014121478756289384
19,455052511,9999999967,23.025850926640455,112,4.864098198013529,125859,5501966340.032441,4880365196.934589,1.1273677518002723,0.001594662739512112
19,455052511,9999999967,23.025850926640455,114,4.950957094406628,193931,5503889955.587993,4880365196.934589,1.1277619058190658,0.0012814476368428586
19,455052511,9999999967,23.025850926640455,116,5.037815990799727,84057,5539573017.458261,4880365196.934589,1.1350734614978664,0.0019469495183711259
19,455052511,9999999967,23.025850926640455,118,5.124674887192826,82505,5540617985.161929,4880365196.934589,1.1352875782005107,0.001957362501821876
19,455052511,9999999967,23.025850926640455,120,5.211533783585924,177747,5541076646.471823,4880365196.934589,1.135381559140745,0.001334627889113101
19,455052511,9999999967,23.025850926640455,122,5.298392679979023,57117,5550836431.92967,4880365196.934589,1.1373813655208038,0.0023428425547098036
19,455052511,9999999967,23.025850926640455,124,5.385251576372122,58876,5581867902.789762,4880365196.934589,1.1437397976478878,0.0023071480320901094
19,455052511,9999999967,23.025850926640455,126,5.472110472765221,113149,5580819452.196935,4880365196.934589,1.1435249672918553,0.0016620306248262742
19,455052511,9999999967,23.025850926640455,128,5.558969369158319,41252,5607517220.826578,4880365196.934589,1.1489954121361083,0.0027499135426936553
19,455052511,9999999967,23.025850926640455,130,5.645828265551418,56413,5608804883.930884,4880365196.934589,1.1492592577813308,0.0023578018819973043
19,455052511,9999999967,23.025850926640455,132,5.732687161944517,72711,5628784863.699014,4880365196.934589,1.1533532095578656,0.0020689054447045703
19,455052511,9999999967,23.025850926640455,134,5.8195460583376155,31326,5622386595.429995,4880365196.934589,1.152042187121873,0.0031469450381202218
19,455052511,9999999967,23.025850926640455,136,5.906404954730714,28577,5676192692.446408,4880365196.934589,1.1630672016126349,0.0032865512600157736
19,455052511,9999999967,23.025850926640455,138,5.993263851123813,53746,5648205136.315075,4880365196.934589,1.157332475828402,0.0024010679163406195
19,455052511,9999999967,23.025850926640455,140,6.080122747516912,34102,5683898954.92018,4880365196.934589,1.164646235591201,0.002996810765066482
19,455052511,9999999967,23.025850926640455,142,6.1669816439100105,20263,5652066716.410946,4880365196.934589,1.158123724011693,0.0039027526990744825
19,455052511,9999999967,23.025850926640455,144,6.253840540303109,35563,5696403254.810984,4880365196.934589,1.1672084003854786,0.002933714177453293
19,455052511,9999999967,23.025850926640455,146,6.340699436696208,15289,5714371477.000654,4880365196.934589,1.1708901376048484,0.004493760062292316
19,455052511,9999999967,23.025850926640455,148,6.427558333089307,16689,5680028417.547546,4880365196.934589,1.1638531520377275,0.004282539209175676
19,455052511,9999999967,23.025850926640455,150,6.514417229482405,34981,5706136643.104114,4880365196.934589,1.1692027979152462,0.0029452162538092246
19,455052511,9999999967,23.025850926640455,152,6.601276125875504,11307,5737358994.767047,4880365196.934589,1.1756003420339824,0.005202151901780208
19,455052511,9999999967,23.025850926640455,154,6.688135022268603,14163,5733038013.049565,4880365196.934589,1.1747149612185885,0.00458711762476005
19,455052511,9999999967,23.025850926640455,156,6.774993918661702,19972,5761527228.487282,4880365196.934589,1.1805524783485792,0.003874815501044835
19,455052511,9999999967,23.025850926640455,158,6.8618528150548,8328,5780679767.059798,4880365196.934589,1.1844768851910317,0.005971510609320305
19,455052511,9999999967,23.025850926640455,160,6.948711711447899,10075,5833721195.763077,4880365196.934589,1.1953452170807424,0.005409947108358533
19,455052511,9999999967,23.025850926640455,162,7.035570607840998,13264,5827428275.891436,4880365196.934589,1.194055780815687,0.004760272994579569
19,455052511,9999999967,23.025850926640455,164,7.122429504234097,6398,5798150861.309472,4880365196.934589,1.1880567595538452,0.006792153772748201
19,455052511,9999999967,23.025850926640455,166,7.209288400627195,5488,5758493037.441326,4880365196.934589,1.1799307644145767,0.007299289283478218
19,455052511,9999999967,23.025850926640455,168,7.296147297020294,12220,5788338113.927332,4880365196.934589,1.186046101132565,0.0049407724948627605
19,455052511,9999999967,23.025850926640455,170,7.383006193413393,5948,5858626110.009751,4880365196.934589,1.200448301223363,0.007070183873194469
19,455052511,9999999967,23.025850926640455,172,7.4698650898064916,3953,5820773366.696939,4880365196.934589,1.1926921719614407,0.008773091195362022
19,455052511,9999999967,23.025850926640455,174,7.55672398619959,7275,5865896448.95299,4880365196.934589,1.201938013294051,0.0063755330803893975
19,455052511,9999999967,23.025850926640455,176,7.643582882592689,3337,5849221103.345221,4880365196.934589,1.198521189975533,0.009564531129112467
19,455052511,9999999967,23.025850926640455,178,7.730441778985788,3045,5882871671.847291,4880365196.934589,1.205416282277889,0.009813959546921816
19,455052511,9999999967,23.025850926640455,180,7.8173006753788865,6809,5896054984.995594,4880365196.934589,1.208117578721152,0.006506755146638357
19,455052511,9999999967,23.025850926640455,182,7.904159571771985,2639,5884652247.781357,4880365196.934589,1.2057811270922043,0.010441265595010596
19,455052511,9999999967,23.025850926640455,184,7.991018468165084,2286,5882529160.700788,4880365196.934589,1.2053461008196003,0.0113698037689161
19,455052511,9999999967,23.025850926640455,186,8.077877364558184,3683,5949389058.572088,4880365196.934589,1.2190458743351757,0.008845038931252842
19,455052511,9999999967,23.025850926640455,188,8.164736260951281,1503,6027379452.413174,4880365196.934589,1.2350263165139848,0.013659871999623272
19,455052511,9999999967,23.025850926640455,190,8.251595157344381,2299,5934297202.922575,4880365196.934589,1.215953512382633,0.011064162171132371
19,455052511,9999999967,23.025850926640455,192,8.338454053737479,2588,5946562874.459042,4880365196.934589,1.218466781583096,0.010442449211487435
19,455052511,9999999967,23.025850926640455,194,8.425312950130579,1165,5881721129.437768,4880365196.934589,1.2051805330330896,0.015824229733431495
19,455052511,9999999967,23.025850926640455,196,8.512171846523676,1254,5927000397.325358,4880365196.934589,1.2144583772231168,0.015177879756587253
19,455052511,9999999967,23.025850926640455,198,8.599030742916776,2123,5915256858.683467,4880365196.934589,1.2120520944618867,0.011952960780209557
19,455052511,9999999967,23.025850926640455,200,8.685889639309874,1102,6043742321.974591,4880365196.934589,1.2383791126472936,0.016074998381714056
19,455052511,9999999967,23.025850926640455,202,8.772748535702974,822,5988378435.671533,4880365196.934589,1.2270349029275307,0.01830066410688412
19,455052511,9999999967,23.025850926640455,204,8.859607432096071,1427,6043880191.306937,4880365196.934589,1.2384073624455736,0.014321135154325593
19,455052511,9999999967,23.025850926640455,206,8.946466328489171,649,6026957351.07396,4880365196.934589,1.2349398268104113,0.019976003397259436
19,455052511,9999999967,23.025850926640455,208,9.033325224882269,677,6052791210.282127,4880365196.934589,1.240233254282682,0.020208543762827713
19,455052511,9999999967,23.025850926640455,210,9.120184121275368,1531,6007236097.202482,4880365196.934589,1.2308988886683507,0.013651592384401135
19,455052511,9999999967,23.025850926640455,212,9.207043017668466,383,5789010601.255875,4880365196.934589,1.1861838956010946,0.027824578589557336
19,455052511,9999999967,23.025850926640455,214,9.293901914061566,356,5910178013.702248,4880365196.934589,1.2110114254184288,0.02847782037145055
19,455052511,9999999967,23.025850926640455,216,9.380760810454664,645,6056711387.986047,4880365196.934589,1.2410365092740054,0.021080908389071853
19,455052511,9999999967,23.025850926640455,218,9.467619706847763,300,6145434971.46,4880365196.934589,1.259216210975362,0.03032606300765229
19,455052511,9999999967,23.025850926640455,220,9.554478603240861,416,6071396073.451923,4880365196.934589,1.2440454409570483,0.025734318157067917
19,455052511,9999999967,23.025850926640455,222,9.641337499633961,495,6246595601.759596,4880365196.934589,1.2799442971364419,0.022646361404384977
19,455052511,9999999967,23.025850926640455,224,9.728196396027059,250,6104032995.416,4880365196.934589,1.2507328343481365,0.03194246711864819
19,455052511,9999999967,23.025850926640455,226,9.815055292420158,204,6089643744.058824,4880365196.934589,1.2477844379112848,0.037175651194296146
19,455052511,9999999967,23.025850926640455,228,9.901914188813256,370,6240924521.048649,4880365196.934589,1.2787822773936348,0.025882661256195285
19,455052511,9999999967,23.025850926640455,230,9.988773085206356,203,6083020164.891625,4880365196.934589,1.2464272486641854,0.03739244004208009
19,455052511,9999999967,23.025850926640455,232,10.075631981599454,137,6446882517.452555,4880365196.934589,1.3209836266970167,0.04118827133275355
19,455052511,9999999967,23.025850926640455,234,10.162490877992553,303,5992603596.973598,4880365196.934589,1.227900649881205,0.03077335828013845
19,455052511,9999999967,23.025850926640455,236,10.249349774385651,114,5971197646.263158,4880365196.934589,1.223514512810175,0.050085908290192535
19,455052511,9999999967,23.025850926640455,238,10.33620867077875,134,6175557488.343284,4880365196.934589,1.2653883959795096,0.04460048928734293
19,455052511,9999999967,23.025850926640455,240,10.423067567171849,214,6268088203.28972,4880365196.934589,1.2843481891942787,0.03601122262231694
19,455052511,9999999967,23.025850926640455,242,10.509926463564948,76,5887332901.605263,4880365196.934589,1.2063304002952813,0.06193540938124865
19,455052511,9999999967,23.025850926640455,244,10.596785359958046,79,6628315748.21519,4880365196.934589,1.358159785332972,0.061617598606475206
19,455052511,9999999967,23.025850926640455,246,10.683644256351146,96,5998071393.333333,4880365196.934589,1.2290210161118245,0.05379272757883711
19,455052511,9999999967,23.025850926640455,248,10.770503152744244,73,6207765934.835616,4880365196.934589,1.271987993590066,0.06127560560806999
19,455052511,9999999967,23.025850926640455,250,10.857362049137343,56,5727489656.285714,4880365196.934589,1.1735780879437492,0.07700761170323414
19,455052511,9999999967,23.025850926640455,252,10.944220945530441,128,6304416833.25,4880365196.934589,1.2917920235169846,0.04383735378627249
19,455052511,9999999967,23.025850926640455,254,11.03107984192354,31,6473005851.064516,4880365196.934589,1.3263363682558595,0.09859402716859549
19,455052511,9999999967,23.025850926640455,256,11.117938738316639,41,6543786731.536586,4880365196.934589,1.3408395616882953,0.07953132314544387
19,455052511,9999999967,23.025850926640455,258,11.204797634709738,95,6519390900.91579,4880365196.934589,1.335840790154534,0.045347910468356345
19,455052511,9999999967,23.025850926640455,260,11.291656531102836,43,6279714247.093023,4880365196.934589,1.286730396945987,0.07690495926161883
19,455052511,9999999967,23.025850926640455,264,11.465374323889034,53,6360756969.9811325,4880365196.934589,1.3033362695841684,0.0577541280750615
19,455052511,9999999967,23.025850926640455,266,11.552233220282133,32,6223648590.3125,4880365196.934589,1.2752423925614504,0.08999924367398361
19,455052511,9999999967,23.025850926640455,270,11.72595101306833,42,6320630598.190476,4880365196.934589,1.2951142677110585,0.07676736399833375
